-- phpMyAdmin SQL Dump
-- version 4.5.1
-- http://www.phpmyadmin.net
--
-- Servidor: 127.0.0.1
-- Tiempo de generación: 30-06-2017 a las 19:33:27
-- Versión del servidor: 10.1.19-MariaDB
-- Versión de PHP: 5.6.28

SET SQL_MODE = "NO_AUTO_VALUE_ON_ZERO";
SET time_zone = "+00:00";


/*!40101 SET @OLD_CHARACTER_SET_CLIENT=@@CHARACTER_SET_CLIENT */;
/*!40101 SET @OLD_CHARACTER_SET_RESULTS=@@CHARACTER_SET_RESULTS */;
/*!40101 SET @OLD_COLLATION_CONNECTION=@@COLLATION_CONNECTION */;
/*!40101 SET NAMES utf8mb4 */;

--
-- Base de datos: `bibliotecafundasil`
--

-- --------------------------------------------------------

--
-- Estructura de tabla para la tabla `autor`
--

CREATE TABLE `autor` (
  `idAutor` int(11) NOT NULL,
  `nombreAutor` varchar(50) NOT NULL
) ENGINE=InnoDB DEFAULT CHARSET=latin1;

--
-- Volcado de datos para la tabla `autor`
--

INSERT INTO `autor` (`idAutor`, `nombreAutor`) VALUES
(1, 'Rubén Schrott\r'),
(2, 'A. Baldor\r'),
(3, 'A. Basurto García\r'),
(4, 'A. Millares Carlo\r'),
(5, 'A. N. Leontiev\r'),
(6, 'Abby Kanter\r'),
(7, 'Abby Nan\r'),
(8, 'Abby Smuckler\r'),
(9, 'Adela Turin\r'),
(10, 'Adolfo Herrera Vega\r'),
(11, 'Adriana Anderson de Fernández\r'),
(12, 'Adriana Arribas\r'),
(13, 'Adriana D''Atri\r'),
(14, 'Agatha Christie\r'),
(15, 'Agustín Fernández\r'),
(16, 'Alan Dyer\r'),
(17, 'Alan Hoffer\r'),
(18, 'Alan Suárez Santi\r'),
(19, 'Albert Camus\r'),
(20, 'Albert Jané\r'),
(21, 'Albertico Yañez\r'),
(22, 'Alberto Guerra Trigueros\r'),
(23, 'Alberto Masferrer\r'),
(24, 'Alberto Rivas Bonillas\r'),
(25, 'Albúm\r'),
(26, 'Alcaldía de San Salvador\r'),
(27, 'Aldous Huxley\r'),
(28, 'Alejandra Erbiti\r'),
(29, 'Alejandro Casona\r'),
(30, 'Alejandro Dumas (hijo)\r'),
(31, 'Alejandro Escalante Dimas\r'),
(32, 'Alejandro Rocas Landa\r'),
(33, 'Alejandro Rozitchner\r'),
(34, 'Alex Adams\r'),
(35, 'Alex Haber\r'),
(36, 'Alex Haley\r'),
(37, 'Alexandre Dumas\r'),
(38, 'Alexandre Honrado\r'),
(39, 'Alfaguara infantil\r'),
(40, 'Alfonso Kijadurías\r'),
(41, 'Alfonso M. Landarech S. J.\r'),
(42, 'Alfredo Bryce\r'),
(43, 'Alfredo Espino\r'),
(44, 'Alfredo Gómez Cerdá\r'),
(45, 'Alfredo Llorente Diez\r'),
(46, 'Aliana Brodmann\r'),
(47, 'Alice Larde de Venturino\r'),
(48, 'Alicia Elizundia\r'),
(49, 'Alicia Guadalupe Martínez Sánchez\r'),
(50, 'Alicia Morel\r'),
(51, 'Aline Pettersson \r'),
(52, 'Alki Zei\r'),
(53, 'Alma Flor Ada\r'),
(54, 'Alonso de Ercilla\r'),
(55, 'Alton Biggs\r'),
(56, 'Álvaro Menen Desleal\r'),
(57, 'Amalia Aranda\r'),
(58, 'Amelia Vergara\r'),
(59, 'Amin Maalouf\r'),
(60, 'Ana Curbera\r'),
(61, 'Ana Frank\r'),
(62, 'Ana María Machado\r'),
(63, 'Andoni Egaña\r'),
(64, 'Andrea Butter\r'),
(65, 'Andrea Pelleschi\r'),
(66, 'Andrés Henestrosa\r'),
(67, 'Andreu Martín\r'),
(68, 'Andrew Clements\r'),
(69, 'Andrew Lang\r'),
(70, 'Andrew Willett\r'),
(71, 'Ángel Cabrera\r'),
(72, 'Ángel Garay\r'),
(73, 'Angel Leiva\r'),
(74, 'Angela Leeper\r'),
(75, 'Angela Nanetti\r'),
(76, 'Angela Royston\r'),
(77, 'Angela Simonini\r'),
(78, 'Angelina Lamelas\r'),
(79, 'Ani Choying Dolma\r'),
(80, 'Ann Cameron\r'),
(81, 'Ann Morrill\r'),
(82, 'Ann Pet\r'),
(83, 'Anna Castagnoli\r'),
(84, 'Anna Delmy Amayya\r'),
(85, 'Anne Miranda\r'),
(86, 'Anne O''Brien\r'),
(87, 'Anne Villeneuve\r'),
(88, 'Anne-Francois Loiseau\r'),
(89, 'Annegert Fuchshuber\r'),
(90, 'Anónimo \r'),
(91, 'Anthony Browne\r'),
(92, 'Anthony Hope\r'),
(93, 'Anthony Paul\r'),
(94, 'Antoine de Saint-Exupéry\r'),
(95, 'Antón Chejov\r'),
(96, 'Antón Fortes\r'),
(97, 'Antonia Portillo de Galindo\r'),
(98, 'Antonio Bonet Sánchez\r'),
(99, 'Antonio González\r'),
(100, 'Antonio Martínez Menchén\r'),
(101, 'Antonio Orlando Rodríguez\r'),
(102, 'Antonio Plaza\r'),
(103, 'Antonio Ventura\r'),
(104, 'Aracely Ávila de Hernández\r'),
(105, 'Argentina Palacios\r'),
(106, 'Ariel Pérez Rodríguez\r'),
(107, 'Aristófanes\r'),
(108, 'Aristófanes, Paluto y Terencio \r'),
(109, 'Aristóteles \r'),
(110, 'Armando Solís\r'),
(111, 'Armida Miller\r'),
(112, 'Arquímides Cruz\r'),
(113, 'Arthur Conan Doyle\r'),
(114, 'Arthur Dorros\r'),
(115, 'Arthur Hailey\r'),
(116, 'Arthur Miller\r'),
(117, 'Arturo Ambrogi\r'),
(118, 'Atilano Alaiz\r'),
(119, 'Audrey wood\r'),
(120, 'Augusta Goldin\r'),
(121, 'Augusto Montenegro González\r'),
(122, 'Augusto Roa Bastos\r'),
(123, 'Aziyadeh de Avila\r'),
(124, 'B. Beauverd\r'),
(125, 'Baltasar Gracián\r'),
(126, 'Barbara Kaminar de Mujica\r'),
(127, 'Barbara Taylor\r'),
(128, 'Baronesa de Orczy\r'),
(129, 'Beatriz Berrocal\r'),
(130, 'Becky Rubinstein\r'),
(131, 'Benito Pérez\r'),
(132, 'Benito Pérez Galdós\r'),
(133, 'Benjamín Palomo\r'),
(134, 'Bernardo Atxaga\r'),
(135, 'Berta Hiriart Urdanivia\r'),
(136, 'Bertolt Bretch\r'),
(137, 'Beth Shoshan\r'),
(138, 'Betty J. Eadi\r'),
(139, 'Beverly Cleary\r'),
(140, 'Bill Hawley\r'),
(141, 'Blaine Ray Workshop\r'),
(142, 'Blanca Álvarez\r'),
(143, 'Blanca Jordán de Urries\r'),
(144, 'Blue Jeans \r'),
(145, 'Bonnie Larkin Nims\r'),
(146, 'Brenda Z. Guiberson\r'),
(147, 'Brendan Dunne\r'),
(148, 'Brian Moses\r'),
(149, 'Bronwyn Sweeney\r'),
(150, 'Bruce Catton\r'),
(151, 'Bryan Li\r'),
(152, 'C.S. Lewis\r'),
(153, 'Camilo José Cela\r'),
(154, 'Carlile y Emerson \r'),
(155, 'Carlos Andradas\r'),
(156, 'Carlos Balaguer\r'),
(157, 'Carlos Cañas Dinarte\r'),
(158, 'Carlos Carrasquilla\r'),
(159, 'Carlos Castaneda\r'),
(160, 'Carlos Gispert\r'),
(161, 'Carlos González\r'),
(162, 'Carlos Jesús Navarro\r'),
(163, 'Carlos Kozel\r'),
(164, 'Carlos Luis Fallas\r'),
(165, 'Carlos Peña\r'),
(166, 'Carlos Pohl\r'),
(167, 'Carlos Puerto\r'),
(168, 'Carlos Reviejo\r'),
(169, 'Carlos Rodriguez Gesualdi\r'),
(170, 'Carlos Silveyra\r'),
(171, 'Carlos Solórzano\r'),
(172, 'Carlos Villanes Cairo\r'),
(173, 'CarlosMariandis\r'),
(174, 'Carmen Arely Rodríguez\r'),
(175, 'Carmen Berenguer\r'),
(176, 'Carmen Lyra\r'),
(177, 'Carmen Martín Gaite\r'),
(178, 'Carmen Nora Hernández\r'),
(179, 'Carmen Olaechea\r'),
(180, 'Carmen Posadas\r'),
(181, 'Carmen Rodriguez Jordana\r'),
(182, 'Carmen Tafolla\r'),
(183, 'Carmen Vazquez-Vigo\r'),
(184, 'Carol Alexander\r'),
(185, 'Carol Drinkwater\r'),
(186, 'Carol Libenson Avachka\r'),
(187, 'Carole Tremblay\r'),
(188, 'Cassie Mayer\r'),
(189, 'Catherine Anderson\r'),
(190, 'Cathy Hopkins\r'),
(191, 'Cecilia Avalos\r'),
(192, 'Cecilia Beuchat\r'),
(193, 'Celia López Sainz\r'),
(194, 'Celima Bernal García\r'),
(195, 'Celinda Pereira\r'),
(196, 'César Alfredo Ramos\r'),
(197, 'César Arístides\r'),
(198, 'César Mallorquí\r'),
(199, 'Cesar Vallejo\r'),
(200, 'Charles Dickens\r'),
(201, 'Charles Leadbeater\r'),
(202, 'Charo Pita\r'),
(203, 'Chitra Banerjee Divakaruni\r'),
(204, 'Chris Kiel\r'),
(205, 'Christian García\r'),
(206, 'Christine Nöstlinger\r'),
(207, 'Cicerón y Séneca \r'),
(208, 'Ciriaco Salvador Alvarenga\r'),
(209, 'Clara Luz Solares\r'),
(210, 'Clara Sánchez\r'),
(211, 'Clare Oliver\r'),
(212, 'Claribel alegría\r'),
(213, 'Claudia Eleonora Noriega Castillo\r'),
(214, 'Claudia Lars\r'),
(215, 'Clive Staples Lewis\r'),
(216, 'Clotilde Guillén\r'),
(217, 'Colin A. Roman\r'),
(218, 'Corin Tellado\r'),
(219, 'Corina Bruni\r'),
(220, 'Cristina Barros Stivalet\r'),
(221, 'Cristina Brooks\r'),
(222, 'Cristina Elizabeth Funes del Cid\r'),
(223, 'Cynthia Voigt\r'),
(224, 'D. L. Birchfield\r'),
(225, 'D. Ware B. Beatty\r'),
(226, 'Dale Carnegie\r'),
(227, 'Daniel Barbot\r'),
(228, 'Daniel Defoe\r'),
(229, 'Daniel Nunn\r'),
(230, 'Daniel Pennac\r'),
(231, 'Dante Alighieri\r'),
(232, 'Darío Villalta Baldovinos\r'),
(233, 'Darmián Cañas\r'),
(234, 'Darwin Flakoll Gabriel Alegría\r'),
(235, 'Dav Pilkey\r'),
(236, 'David A. Carter\r'),
(237, 'David Browning\r'),
(238, 'David Escobar Galindo\r'),
(239, 'David Fickling\r'),
(240, 'David H. Show\r'),
(241, 'David Jorajuria\r'),
(242, 'David Martín del Campo\r'),
(243, 'David Neufeld\r'),
(244, 'Daysi Miriam Figueroa Erazo\r'),
(245, 'DeAgostini\r'),
(246, 'Debby Slier\r'),
(247, 'Deborah Ellis\r'),
(248, 'Deifilia Magalí Pazzety Galván\r'),
(249, 'Demóstenes Rojas\r'),
(250, 'DENIS McQUAIL\r'),
(251, 'Denise Fleming\r'),
(252, 'Denise M. Jordan\r'),
(253, 'Desconocido\r'),
(254, 'Desmond Morris\r'),
(255, 'Diana Hendry\r'),
(256, 'Diana Perez\r'),
(257, 'Diane Hoyt-Goldsmith\r'),
(258, 'Diane Namm\r'),
(259, 'Diego Domínguez\r'),
(260, 'Dimiter Inkiow\r'),
(261, 'Dina Emérita Rodríguez\r'),
(262, 'Dinorah Pous\r'),
(263, 'Dionisio Abraham Chinchilla Flamenco\r'),
(264, 'Diyan Leake\r'),
(265, 'Dolores Delgado\r'),
(266, 'Don Treeman\r'),
(267, 'Donna Leon\r'),
(268, 'Dora Aida de Polio\r'),
(269, 'Doris Martin\r'),
(270, 'Dorling Kindersley\r'),
(271, 'Dostoiewsky \r'),
(272, 'Dostoiewsky y Tolstoy \r'),
(273, 'Dr. Ernesto Harada Prieto\r'),
(274, 'Duque De Rivas\r'),
(275, 'E Sabaté\r'),
(276, 'E.R. Burroughs\r'),
(277, 'Eddie Hernandez\r'),
(278, 'Edgard Allan Poe\r'),
(279, 'Edith Hope Fine\r'),
(280, 'Editores Mexicanos unidos\r'),
(281, 'Editorial Cumbre\r'),
(282, 'Editorial Molino\r'),
(283, 'Editorial Patria\r'),
(284, 'Editorial Santillana\r'),
(285, 'Editorial Sol 90\r'),
(286, 'Edmundo De Amicis\r'),
(287, 'Eduardo Dayan\r'),
(288, 'Eduardo Robles Boza\r'),
(289, 'Edward Brinkley\r'),
(290, 'Efrén Quintanilla Sainz\r'),
(291, 'El barco de vapor\r'),
(292, 'El chavo\r'),
(293, 'El diario de hoy\r'),
(294, 'El mundo\r'),
(295, 'El País\r'),
(296, 'Eladio Zacarías Ortez\r'),
(297, 'Eleanor Coerr\r'),
(298, 'Elena Climent\r'),
(299, 'Elena Dreser\r'),
(300, 'Eliseo Alberto\r'),
(301, 'Elizabeth Alvarez Hernández\r'),
(302, 'Elsa Bornemann\r'),
(303, 'Elsa Tamez\r'),
(304, 'Elvia Izquierdo\r'),
(305, 'Elvia Ruíz Cepeda\r'),
(306, 'Emili Teixido\r'),
(307, 'Emilio Salgari\r'),
(308, 'Emilio Sanjuán \r'),
(309, 'Emma McLauhlin\r'),
(310, 'Emma Perez\r'),
(311, 'Emma Reynoso\r'),
(312, 'EMU\r'),
(313, 'Ena Lissette Rosales\r'),
(314, 'Enid Vian\r'),
(315, 'Enrique Baloyra\r'),
(316, 'Enrique Perez Díaz\r'),
(317, 'Enrique Sánchez\r'),
(318, 'Enrique Serna\r'),
(319, 'Enriqueta Comas\r'),
(320, 'Equipo Maiz\r'),
(321, 'Equipo Romania\r'),
(322, 'Eric Battut\r'),
(323, 'Eric Carle\r'),
(324, 'Ernest Hadorn\r'),
(325, 'Ernest Hemingway\r'),
(326, 'Ernesto A. Selva Sutter\r'),
(327, 'Ernesto Payes\r'),
(328, 'Esopo\r'),
(329, 'Esquilo\r'),
(330, 'Esther Díaz Llanillo\r'),
(331, 'Esther Jacob\r'),
(332, 'Eugenio Carmi\r'),
(333, 'Eurípides\r'),
(334, 'Eva Llanos García\r'),
(335, 'Eva Mejuto\r'),
(336, 'Eveline Hasler\r'),
(337, 'Evelyn Escobar de Quijano\r'),
(338, 'Evelyne Mathiaud\r'),
(339, 'Evelyne Reberg\r'),
(340, 'Everest\r'),
(341, 'F. Burlatski\r'),
(342, 'F. Fábregas Canales\r'),
(343, 'F. Scott Fitzgerald\r'),
(344, 'Fabio García Ortiz\r'),
(345, 'FAPA ediciones\r'),
(346, 'Fay Robinson\r'),
(347, 'Federico Engels\r'),
(348, 'Federico García Lorca\r'),
(349, 'Felicia Law\r'),
(350, 'Felipe Guzmán\r'),
(351, 'Félix Aucallanchi Velázquez\r'),
(352, 'Felix Choussy\r'),
(353, 'Félix Lope de Vega\r'),
(354, 'Felix María de Samaniego\r'),
(355, 'Felix Pita Rodriguez\r'),
(356, 'Ferdinand P. Beer E. Russell Jr\r'),
(357, 'Fernando Alonso\r'),
(358, 'Fernando De Rojas\r'),
(359, 'Fernando Lalana\r'),
(360, 'Fernando Savater\r'),
(361, 'Fina Casalderrey\r'),
(362, 'Fiodor Dostoievski\r'),
(363, 'Flor Emilia Barrera\r'),
(364, 'Florencia Daura\r'),
(365, 'Florencio Sánchez\r'),
(366, 'Florentín Meléndez\r'),
(367, 'Folleto\r'),
(368, 'Francisco Andrés Escobar\r'),
(369, 'Francisco Ayala de Paz\r'),
(370, 'Francisco De Quevedo\r'),
(371, 'Francisco E. Martínez\r'),
(372, 'Francisco Espinosa\r'),
(373, 'Francisco Gabilondo Soler (Cri Cri)\r'),
(374, 'Francisco Gavidia\r'),
(375, 'Francisco Gual\r'),
(376, 'Francisco Gutierrez\r'),
(377, 'Francisco Herrera Velado\r'),
(378, 'Francisco Hijonosa\r'),
(379, 'Francisco M. Castillo\r'),
(380, 'Francisco Morales Santos\r'),
(381, 'Francisco Serrano\r'),
(382, 'Francisco Valera\r'),
(383, 'Francois Mauriac\r'),
(384, 'Frank Tashlin\r'),
(385, 'Franz Kafka\r'),
(386, 'Frederick Forsyth\r'),
(387, 'Friedrich Gartner\r'),
(388, 'Friedrich von Schiller\r'),
(389, 'Fulton J.Sheen\r'),
(390, 'Fundación Monseñor Romero \r'),
(391, 'Fundación puntos de encuentro\r'),
(392, 'G. M. Bruño\r'),
(393, 'G. Vasari\r'),
(394, 'Gabriel García Márquez\r'),
(395, 'Gabriel Moreno Pineda\r'),
(396, 'Gabriel Trujillo\r'),
(397, 'Gabriela bucher\r'),
(398, 'Gabriela Hernández\r'),
(399, 'Gabriela Ramsay\r'),
(400, 'Gabrielle Gniewek\r'),
(401, 'Gaby Goldsack\r'),
(402, 'Gail Gibbons\r'),
(403, 'Galila Ron-Feder\r'),
(404, 'Gary Paulsen\r'),
(405, 'Gary Soto\r'),
(406, 'Genaro García\r'),
(407, 'Gente Nueva\r'),
(408, 'George Ancona\r'),
(409, 'Gerardo Meneses\r'),
(410, 'Gianni Rodari\r'),
(411, 'Gildaberto Bonilla\r'),
(412, 'Gill Gordon\r'),
(413, 'Gilles Tibo\r'),
(414, 'Gillian Cross\r'),
(415, 'Ginger Foglesong Guy\r'),
(416, 'Giovanni Boccaccio\r'),
(417, 'Gloria Aracely de Guitierrez\r'),
(418, 'Gloria Cecilia Díaz\r'),
(419, 'Gloria Evenlyn de González\r'),
(420, 'Gloria Marina Cruz\r'),
(421, 'Gobierno de El Salvador\r'),
(422, 'Graciela Beatriz Cabal\r'),
(423, 'Graciela Repún \r'),
(424, 'Graham Green\r'),
(425, 'Gregoire Mabire\r'),
(426, 'Grupo Norma\r'),
(427, 'Guido Alfredo Moncayo R.\r'),
(428, 'Guillermina Baena Paz\r'),
(429, 'Guillermo Moron\r'),
(430, 'Guillermo Rodriguez\r'),
(431, 'Guillermo Solano Flores\r'),
(432, 'Gustav Flaubert\r'),
(433, 'Gustavo Adolfo Bécquer\r'),
(434, 'Gustavo de Elorza\r'),
(435, 'Gustavo Sainz\r'),
(436, 'Guy de Maupassant\r'),
(437, 'Guy Palmade\r'),
(438, 'H.C Andersen\r'),
(439, 'H.G Wells\r'),
(440, 'H.M.E.\r'),
(441, 'Hanna Blume\r'),
(442, 'Hans Christian Andersen\r'),
(443, 'Hans Wilhelm\r'),
(444, 'Harper Collins\r'),
(445, 'Harriet Beecher Stowe\r'),
(446, 'Heather Miller\r'),
(447, 'Héctor Samour\r'),
(448, 'Heinrich Boll Stiftung\r'),
(449, 'Helen Lester\r'),
(450, 'Henrik Ibsen\r'),
(451, 'Henry James\r'),
(452, 'Henry Wadsworth\r'),
(453, 'Hermes Pérez Caso\r'),
(454, 'Héroes de la fé\r'),
(455, 'Herotodo \r'),
(456, 'Hester Burton\r'),
(457, 'Hilda Perera\r'),
(458, 'Hilde Bruch\r'),
(459, 'Homero \r'),
(460, 'Honoré de Balzac\r'),
(461, 'Horacio Quiroga\r'),
(462, 'Hortensia Valle de López\r'),
(463, 'Houghton Mifflin\r'),
(464, 'Howard Pyle\r'),
(465, 'Howard Selsam\r'),
(466, 'Hugo Barrera\r'),
(467, 'Hugo Lindo\r'),
(468, 'Ida Vitale\r'),
(469, 'Ignacio Paniagua\r'),
(470, 'Immanuel Kant\r'),
(471, 'Ina Cumpiano\r'),
(472, 'Inca Garcilaso de la Vega\r'),
(473, 'Indio Vargas\r'),
(474, 'Inés Arredondo\r'),
(475, 'Inés Salas\r'),
(476, 'Inez Greene\r'),
(477, 'Intervida\r'),
(478, 'Iosu Perales\r'),
(479, 'Irene Vasco\r'),
(480, 'Iris Rodas de López\r'),
(481, 'Irma Pérez\r'),
(482, 'Isabel Hernández\r'),
(483, 'Isabel Suárez de la Prida\r'),
(484, 'Isabel Thomas\r'),
(485, 'Isauro Blanco\r'),
(486, 'Ísis María Méndez\r'),
(487, 'Italo López Vallecillos\r'),
(488, 'Ivar Da Coll\r'),
(489, 'J. A. Baldor\r'),
(490, 'J. E. Rodriguez\r'),
(491, 'J. J. Rousseau\r'),
(492, 'Jacinto Benavente\r'),
(493, 'Jack Canfield Mark Victor Hansen\r'),
(494, 'Jack London\r'),
(495, 'Jacqueline Mirande\r'),
(496, 'Jacques Pirenne\r'),
(497, 'Jaime Barba\r'),
(498, 'Jaime barba Irma Zeledón\r'),
(499, 'Jaime Fátas Cabeza\r'),
(500, 'Jaime Gamboa\r'),
(501, 'Jairo Buitrago\r'),
(502, 'Jairo Camacho \r'),
(503, 'Jakki Wood\r'),
(504, 'James A. Hathway\r'),
(505, 'James Banks\r'),
(506, 'Jan Epston Seale\r'),
(507, 'Jan Latta\r'),
(508, 'Jan Terlouw\r'),
(509, 'Jane Brierley\r'),
(510, 'Janet y Geoff Benge\r'),
(511, 'Janice Marriot\r'),
(512, 'Janosch\r'),
(513, 'Javier Ibáñez\r'),
(514, 'Jean C. George\r'),
(515, 'Jean Craighead George\r'),
(516, 'Jean-Paul Sartre\r'),
(517, 'Jean-Paul Sartre/Albert Camus\r'),
(518, 'Jennifer Blizin Gillis\r'),
(519, 'Jennifer Frantz\r'),
(520, 'Jennifer Moore-Mallinos\r'),
(521, 'Jenny Wood\r'),
(522, 'Jerry B. Jenkins Chris Fabry\r'),
(523, 'Jerry E. Wilson\r'),
(524, 'Jesse Wood\r'),
(525, 'Jesús Abraham\r'),
(526, 'Jesús Gaban\r'),
(527, 'Jesús Martínez Rivas\r'),
(528, 'Jesús Salvador Bottaro-Naranjo\r'),
(529, 'Jesús Urteaga\r'),
(530, 'Jesús Valdespino\r'),
(531, 'Jillian Harker\r'),
(532, 'Jim Wiese\r'),
(533, 'Joan Armengué i Herro\r'),
(534, 'Joan D''amico\r'),
(535, 'Joan Wolfgang Goethe\r'),
(536, 'Joaquin Añorga\r'),
(537, 'Joaquín Edgardo García Lemus\r'),
(538, 'Joaquin Flores Sosa\r'),
(539, 'Johanna Spyri\r'),
(540, 'John Mahoney\r'),
(541, 'John Malam\r'),
(542, 'Jon Sobrino\r'),
(543, 'Jonathan Swift\r'),
(544, 'Jordi Sierra i Fabra\r'),
(545, 'Jorge A. Castrillo H.\r'),
(546, 'Jorge A. Lagos\r'),
(547, 'Jorge Argueta\r'),
(548, 'Jorge Icaza\r'),
(549, 'Jorge Isaac\r'),
(550, 'Jorge Kattán Zablah\r'),
(551, 'Jorge Larde y Larín\r'),
(552, 'Jorge Luis Galindo Arandi\r'),
(553, 'Jorge Luis Hernandéz Flores\r'),
(554, 'Jorge Luis Mena\r'),
(555, 'Jorge Manrique\r'),
(556, 'José A. del Cañizo\r'),
(557, 'José Alberto Villalobos\r'),
(558, 'José Antonio Garcia Orellana\r'),
(559, 'José Antonio Panero\r'),
(560, 'José Armando Oliva\r'),
(561, 'José David Morán\r'),
(562, 'José de espronceda\r'),
(563, 'José de Siguenza\r'),
(564, 'José Enrique Rodo\r'),
(565, 'José Ernesto Payes\r'),
(566, 'José Hernández\r'),
(567, 'José Hernández Salguero\r'),
(568, 'José Humberto Velázquez\r'),
(569, 'José Ignacio Martínez Arnáiz\r'),
(570, 'José Legorburu\r'),
(571, 'José Luis Díaz\r'),
(572, 'José Luis Galindo Arandi\r'),
(573, 'José Luis Olaizola\r'),
(574, 'José Luis Zúniga\r'),
(575, 'José María Arias\r'),
(576, 'José María Méndez\r'),
(577, 'José María Obregón\r'),
(578, 'José María Peralta\r'),
(579, 'José María Plaza\r'),
(580, 'José Marmol\r'),
(581, 'José Martí\r'),
(582, 'José Mata Gavidia\r'),
(583, 'José Miguel López\r'),
(584, 'José Miguel Simón\r'),
(585, 'José Milla\r'),
(586, 'José Porfirio Cerritos Parada\r'),
(587, 'José Raúl Frazuela\r'),
(588, 'José Roberto Cea\r'),
(589, 'José Rutiliio Quezada\r'),
(590, 'José Zafra\r'),
(591, 'José Zorrila\r'),
(592, 'José-Luis Orozco\r'),
(593, 'Josep Lorman\r'),
(594, 'Joseph Brucbac\r'),
(595, 'Juan A.de Laiglesia\r'),
(596, 'Juan Eduardo Zúñiga\r'),
(597, 'Juan Felipe Toruño\r'),
(598, 'Juan Francisco Campos Menjívar\r'),
(599, 'Juan Manuel de la Serna\r'),
(600, 'Juan Manuel Piña\r'),
(601, 'Juan Marsé\r'),
(602, 'Juan Miguel cruz\r'),
(603, 'Juan Muñoz\r'),
(604, 'Juan Ramón Córdova\r'),
(605, 'Juan Ramón Jiménez\r'),
(606, 'Juan Ruíz de Alrcón\r'),
(607, 'Juan Rulfo\r'),
(608, 'Juan Ulloa\r'),
(609, 'Juan Valera\r'),
(610, 'Juan Villoro\r'),
(611, 'Judy Nayer\r'),
(612, 'Judy Nelson\r'),
(613, 'Judy Scheu\r'),
(614, 'Juliette Nouel- Renier\r'),
(615, 'Julio Arandi\r'),
(616, 'Julio César Martínez Sánchez\r'),
(617, 'Julio Enrique Avila\r'),
(618, 'Julio Fausto Fernández\r'),
(619, 'Julio Flores\r'),
(620, 'Julio Garmedia\r'),
(621, 'Julio Penados del barrio\r'),
(622, 'Julio Ricardo Baerga\r'),
(623, 'Julio Verne\r'),
(624, 'Justus Schifferes\r'),
(625, 'Karl Marx\r'),
(626, 'Karla Molina\r'),
(627, 'Kate Hayden\r'),
(628, 'Kathe Recheis\r'),
(629, 'Kathryn Riley\r'),
(630, 'Katie Gillam\r'),
(631, 'Kattya Moncada de Angulo\r'),
(632, 'Kaye Sharbono\r'),
(633, 'Keith W. Olson\r'),
(634, 'Ken Follett\r'),
(635, 'Ken Mochizuki\r'),
(636, 'Khatarine Kenah\r'),
(637, 'Kierk Giovanni\r'),
(638, 'Kirsten Boie\r'),
(639, 'L. Frank Baum\r'),
(640, 'Lacau Rosetti\r'),
(641, 'Lada Josefa Kratky\r'),
(642, 'Lady Plowden\r'),
(643, 'Lara Ríos\r'),
(644, 'Larousse\r'),
(645, 'Laura Ávila González\r'),
(646, 'Laura Baker\r'),
(647, 'Laura Fernández\r'),
(648, 'Laura Gallego García\r'),
(649, 'Laura Hernández de Salazar\r'),
(650, 'Laura Jeanette Díaz\r'),
(651, 'Laura Min\r'),
(652, 'Laura Santos\r'),
(653, 'Lauri García Dueñas\r'),
(654, 'Laurie Beckelman\r'),
(655, 'Laurie Coulter\r'),
(656, 'Leandro Fernández de Moratín\r'),
(657, 'Leapfrog\r'),
(658, 'Lemony Snicket\r'),
(659, 'León Siguenza\r'),
(660, 'León Tolstoi\r'),
(661, 'Leopoldo Alas Clarín\r'),
(662, 'Leopoldo Sánchez Zúber\r'),
(663, 'Levi Marrero\r'),
(664, 'Lewis Wallace\r'),
(665, 'Leyla Torres\r'),
(666, 'Libsa\r'),
(667, 'Lic. Luis Vasquez López\r'),
(668, 'Ligia Marcela Murcia Ortíz\r'),
(669, 'Ligia María Orellana\r'),
(670, 'Liliana Santirso\r'),
(671, 'Lillian Stover\r'),
(672, 'Lin SutherLand\r'),
(673, 'Linda Hayward\r'),
(674, 'Linda Jacobs Altman\r'),
(675, 'Linda Mor\r'),
(676, 'Linus Pauling\r'),
(677, 'Lisa Ray Turner\r'),
(678, 'Lito Montalvo\r'),
(679, 'Lois Meyer\r'),
(680, 'Lola de Lopez\r'),
(681, 'Lola Gándara\r'),
(682, 'Lola M. Schaefer\r'),
(683, 'Lola Nuñez\r'),
(684, 'Louis Pauwels Jacques Bergier\r'),
(685, 'Louis Sachar\r'),
(686, 'Louis Weber\r'),
(687, 'Louisa May Alcott\r'),
(688, 'Louise Spilsbury\r'),
(689, 'Lourdes Aso Torralba\r'),
(690, 'Lucía Baquedano\r'),
(691, 'Lucy Baker\r'),
(692, 'Lucy Daniels\r'),
(693, 'Ludwig Askenazy\r'),
(694, 'Ludwing Bemelmans\r'),
(695, 'Luifel Bendrom\r'),
(696, 'Luigi Pirandello\r'),
(697, 'Luis A. Coronado\r'),
(698, 'Luis Alonso Alvarez\r'),
(699, 'Luis Darío Bernal Pinilla\r'),
(700, 'Luis Fallas\r'),
(701, 'Luis Felipe Nieto\r'),
(702, 'Luis Gallegos Valdez\r'),
(703, 'Luis Guillermo Bernal Ramírez\r'),
(704, 'Luis H. Jovel Díaz\r'),
(705, 'Luis Ignacio Helguera\r'),
(706, 'Luis M. Pescetti\r'),
(707, 'Luis María Ormaechea\r'),
(708, 'Luis María Pescetti\r'),
(709, 'Luis Melgar\r'),
(710, 'Luis Pompilio Beltrán\r'),
(711, 'Luis Roberto Barone\r'),
(712, 'Luis Vives\r'),
(713, 'Luisa de Noriega\r'),
(714, 'Luisa Morandeira\r'),
(715, 'Luisa Valenzuela\r'),
(716, 'Luz Álvarez\r'),
(717, 'Lygia Bojunga Nunes\r'),
(718, 'Lyll Becerra de Jenkins\r'),
(719, 'Lynn Yokoe\r'),
(720, 'M. Baqués\r'),
(721, 'M. I. Fayard\r'),
(722, 'M.Jesús Díaz Sánchez\r'),
(723, 'Mabel Morvillo\r'),
(724, 'Magaly Arrecis López\r'),
(725, 'Magisterio Casals\r'),
(726, 'Malcolm Rose\r'),
(727, 'Manfred Sommer Resalt\r'),
(728, 'Manjusha Pawagl\r'),
(729, 'Manlio Argueta\r'),
(730, 'Manolo Guardado\r'),
(731, 'Manuel Alfonseca\r'),
(732, 'Manuel Barba Salinas\r'),
(733, 'Manuel Castells\r'),
(734, 'Manuel L. Alonso\r'),
(735, 'Manuel Quinto Grané\r'),
(736, 'Manuel Salvat\r'),
(737, 'Manuela Martín\r'),
(738, 'Marc Gave\r'),
(739, 'Marc Grave\r'),
(740, 'Marcel Zimmermann\r'),
(741, 'Marcela Argumedo\r'),
(742, 'Marcela Wen\r'),
(743, 'Marcelo Birmajer\r'),
(744, 'Marcelo Santalo Sors\r'),
(745, 'Marcia Brown\r'),
(746, 'Marco Antonio Barraza\r'),
(747, 'Marcus Pfister\r'),
(748, 'Margaret George\r'),
(749, 'Margaret Hall\r'),
(750, 'Margaret Mahy\r'),
(751, 'Margaret Miller\r'),
(752, 'Margaret Mitchell\r'),
(753, 'Margaret Weis\r'),
(754, 'Margarita del Mazo\r'),
(755, 'Margarita Luciano de Sang\r'),
(756, 'Margarita Robleda\r'),
(757, 'Margery Williams\r'),
(758, 'Margy Burns Knight\r'),
(759, 'María A. Villalobos\r'),
(760, 'María Angélica De la Cruz\r'),
(761, 'María Arcese\r'),
(762, 'María C Escanaverino de Díaz\r'),
(763, 'María Celina Guardado Flores\r'),
(764, 'María Claret\r'),
(765, 'María Cristina Brusca\r'),
(766, 'María de la Luz Rodríguez\r'),
(767, 'María de los Ángeles Mogollón González\r'),
(768, 'María de los Ángeles Ramírez\r'),
(769, 'María Faget Montero\r'),
(770, 'María Forcelledo de Rodríguez\r'),
(771, 'María Gripe\r'),
(772, 'María Jesús Otero García\r'),
(773, 'María López Vigil\r'),
(774, 'María Luz Morales\r'),
(775, 'María Martínez\r'),
(776, 'María Menéndez Ponte\r'),
(777, 'María Nosty Herrero\r'),
(778, 'María Pascual\r'),
(779, 'María Puncel\r'),
(780, 'María Rius\r'),
(781, 'María Teresa  Andruetto\r'),
(782, 'María Teresa Durán de Pérez\r'),
(783, 'María Victoria Quijano\r'),
(784, 'Maria Villalobos\r'),
(785, 'Mariano Azuela\r'),
(786, 'Mariano Velasquez de la Cadena\r'),
(787, 'Marie Duval\r'),
(788, 'Marie Sellier\r'),
(789, 'Marina de La Cueva\r'),
(790, 'Mario Benedetti\r'),
(791, 'Mario García Aldana\r'),
(792, 'Mario Lodi\r'),
(793, 'Mario René Matute\r'),
(794, 'Mario Vargas Llosa\r'),
(795, 'Marisa Nuñes\r'),
(796, 'Mariza López Soria\r'),
(797, 'Marjorie Frank\r'),
(798, 'Mark Twain\r'),
(799, 'Marlene Campos\r'),
(800, 'Marta del Olmo\r'),
(801, 'Marta Doggett\r'),
(802, 'Martha Adilia Arias Calzadilla\r'),
(803, 'Martha Lucía Gonzáles Rodríguez\r'),
(804, 'Martha Sastrías\r'),
(805, 'Mary Ann Mangano\r'),
(806, 'Mary Atkinson\r'),
(807, 'Mary Atwater\r'),
(808, 'Mary Cruz\r'),
(809, 'Mary de Ramos\r'),
(810, 'Mary Mac Gregor\r'),
(811, 'Mary Olmstead\r'),
(812, 'Mary Packard\r'),
(813, 'Mary Pope Osborne\r'),
(814, 'Mathew Gollub\r'),
(815, 'Matilde Elena López\r'),
(816, 'Matthew Gollub\r'),
(817, 'Max Bolliger\r'),
(818, 'Max Velthuÿs\r'),
(819, 'Máximo Gorki\r'),
(820, 'Maya Christina Gonzales\r'),
(821, 'Mayas\r'),
(822, 'Hill\r'),
(823, 'McMillan\r'),
(824, 'Melinda Beth Radabaugh\r'),
(825, 'Mentor Interactivo\r'),
(826, 'Mercedes Pérez Sabbi\r'),
(827, 'Mercedes Torrents\r'),
(828, 'Michael Burgan\r'),
(829, 'Michael Crichton\r'),
(830, 'Michael Ende\r'),
(831, 'Michael García\r'),
(832, 'Michael Montoya\r'),
(833, 'Michel Ocelot\r'),
(834, 'Miguel Angel Asturias\r'),
(835, 'Miguel Angel Azucena\r'),
(836, 'Miguel Angel Espino\r'),
(837, 'Miguel Armas Molina\r'),
(838, 'Miguel Cavada Diez\r'),
(839, 'Miguel De Cervantes\r'),
(840, 'Miguel De Unamuno\r'),
(841, 'Miguel Mengual\r'),
(842, 'Miguel S. Ayala\r'),
(843, 'Mijail Gorbachev\r'),
(844, 'Mike Benton\r'),
(845, 'Milio Rodriguez Cueto\r'),
(846, 'Mindy Menschell\r'),
(847, 'MINED\r'),
(848, 'MINSAL\r'),
(849, 'Miquel Capó Dolz\r'),
(850, 'Mira Lobe\r'),
(851, 'Mireia Sánchez Civil\r'),
(852, 'Miriam Aída Álvarez\r'),
(853, 'Miriam Urías\r'),
(854, 'Mo Willems\r'),
(855, 'Modesto Milanés Soria\r'),
(856, 'Moira Anderson\r'),
(857, 'Moira Butterfield\r'),
(858, 'Moisés Leija Leija\r'),
(859, 'Moliére \r'),
(860, 'Mónica Castro Plaza\r'),
(861, 'Monica Hughes\r'),
(862, 'Mónica Kot\r'),
(863, 'Mons. Luis María Martínez\r'),
(864, 'Monserrat del Amo\r'),
(865, 'Montse Tobella\r'),
(866, 'Mortimer Marañón\r'),
(867, 'MSPAS\r'),
(868, 'Museo Forma\r'),
(869, 'Mynor Eduardo Villalobos\r'),
(870, 'Myriam Stella Fernández Rincón\r'),
(871, 'Nacy Cocks\r'),
(872, 'Nancy González\r'),
(873, 'Nancy González-Snell\r'),
(874, 'Napoleón Chow\r'),
(875, 'Napoleon Rodriguez Ruiz\r'),
(876, 'Nat Gabriel\r'),
(877, 'Neli Garrido de Rodríguez\r'),
(878, 'Neville Butler\r'),
(879, 'Nicholas Mohr\r'),
(880, 'Nick Arnold\r'),
(881, 'Nicolai Gogol\r'),
(882, 'Nicolás Guillen\r'),
(883, 'Nicolas Maquiavelo\r'),
(884, 'Nicoletta Costa\r'),
(885, 'Noris Kern\r'),
(886, 'Norma Guadalupe Morales Altamirano\r'),
(887, 'Norma Muñoz Ledo\r'),
(888, 'Norma Seoane\r'),
(889, 'Nuria Gómez\r'),
(890, 'Oceano\r'),
(891, 'Oceano/Centrum\r'),
(892, 'Ofelia Audry\r'),
(893, 'Ofelia Castellanos\r'),
(894, 'Oliver Jeffers\r'),
(895, 'Organización de estados Centro américanos\r'),
(896, 'Orlando Araujo\r'),
(897, 'Orlando Cocar Romano\r'),
(898, 'Óscar A. Morales\r'),
(899, 'Oscar Wilde\r'),
(900, 'Osvaldo A.Camblor\r'),
(901, 'Oswaldo Escobar Velado\r'),
(902, 'Otoniel Guevara\r'),
(903, 'P. Hugo Estrada\r'),
(904, 'P. Smith Hill\r'),
(905, 'Pablo Agudelo\r'),
(906, 'Pablo Albo\r'),
(907, 'Pablo Antonio Cuadra\r'),
(908, 'Pablo Colazo\r'),
(909, 'Pablo de Santis\r'),
(910, 'Pablo Neruda\r'),
(911, 'Paloma Bordons\r'),
(912, 'Paloma Fernández de Áviles\r'),
(913, 'Paloma Ohm\r'),
(914, 'Pam Muñoz Ryan\r'),
(915, 'Pamela Powell\r'),
(916, 'Parragon Books Ltd\r'),
(917, 'Parramon Norma\r'),
(918, 'Pascale Verede d''Auria\r'),
(919, 'Pat Robertson\r'),
(920, 'Patacrúa\r'),
(921, 'Patrice Leo/ Alex Sanders\r'),
(922, 'Patricia Comandari-Cedán\r'),
(923, 'Patricia Geis\r'),
(924, 'Patricia Maclachlan\r'),
(925, 'Patricia Van Rhijin\r'),
(926, 'Patricia Walsh\r'),
(927, 'Patricia Whitehouse\r'),
(928, 'Patxi Zubizarreta\r'),
(929, 'Paul Beck\r'),
(930, 'Paul Biegel\r'),
(931, 'Paul Burguess\r'),
(932, 'Paul E. Tippens\r'),
(933, 'Paul Harrison\r'),
(934, 'Paul y Emma Rogers\r'),
(935, 'Paul Zindel\r'),
(936, 'Paula Carbonell\r'),
(937, 'Pauline Vergne\r'),
(938, 'Pearson\r'),
(939, 'Pedro Blanco Rubio\r'),
(940, 'Pedro Calderón De la Barca\r'),
(941, 'Pedro Casaldáliga\r'),
(942, 'Pedro Espitia\r'),
(943, 'Pedro Geoffroy Rivas\r'),
(944, 'Pedro Páramo\r'),
(945, 'Pedro Ticas\r'),
(946, 'Peggy Burns\r'),
(947, 'Pep Bruno\r'),
(948, 'Pep Gratacós\r'),
(949, 'Peral - Gilson\r'),
(950, 'Peter Alexander\r'),
(951, 'Peter H. Raven\r'),
(952, 'Peter Riley\r'),
(953, 'Phil Bosmans\r'),
(954, 'Philip Kotler\r'),
(955, 'Philip Swartz\r'),
(956, 'Philip Wilkinson\r'),
(957, 'Philippe Saint-Gil\r'),
(958, '\r'),
(959, 'Piedad Ateka\r'),
(960, 'Piedra Santa\r'),
(961, 'Pierre-Marie Beaude\r'),
(962, 'Pilar Mateos\r'),
(963, 'Plat & Munt\r'),
(964, 'Platón \r'),
(965, 'Policarpo López Pérez\r'),
(966, 'Publicaciones s.a\r'),
(967, 'Quentin Reynolds\r'),
(968, 'Quino Caso\r'),
(969, 'R. E. Howard\r'),
(970, 'R.L Stevenson\r'),
(971, 'Rachel Chaundler\r'),
(972, 'Radda Barnen\r'),
(973, 'Rafael Francisco Góchez\r'),
(974, 'Rafael Mendoza\r'),
(975, 'Rafael Menjívar\r'),
(976, 'Rafael Pleitez Chávez\r'),
(977, 'Rafael Rodríguez Díaz\r'),
(978, 'Ralph A. Burns\r'),
(979, 'Ramón Eduardo Jovel Urquilla\r'),
(980, 'Ramón García Domínguez\r'),
(981, 'Ramon Gomez de la Serna\r'),
(982, 'Ramon Perez de Ayala\r'),
(983, 'Ramón Tenreiro\r'),
(984, 'Randall Charles\r'),
(985, 'Raúl Aguilera Liborio\r'),
(986, 'Raúl Contreras\r'),
(987, 'Raúl Martínez\r'),
(988, 'Raúl Moreno\r'),
(989, 'Ray Bradbury\r'),
(990, 'Raymond Serway\r'),
(991, 'Rebeca Price\r'),
(992, 'Reina Isabel Chacón\r'),
(993, 'Reinaldo Alvarez Lemus\r'),
(994, 'Reine Cioulachtjian\r'),
(995, 'Renán Alcides Orellana\r'),
(996, 'René Alberto Zelaya\r'),
(997, 'René Guillermo Figueroa\r'),
(998, 'René Guillot\r'),
(999, 'René Jaimes\r'),
(1000, 'Rhina Bennett de Mata\r'),
(1001, 'Ricardo Aguirre Rodríguez\r'),
(1002, 'Ricardo Alcántara\r'),
(1003, 'Ricardo Castro Rivas\r'),
(1004, 'Ricardo Guiraldes\r'),
(1005, 'Ricardo Lindo\r'),
(1006, 'Ricardo Marcell Caminos\r'),
(1007, 'Ricardo Mendez\r'),
(1008, 'Ricardo Mendoza Alberto\r'),
(1009, 'Ricardo Nassif\r'),
(1010, 'Ricardo Palma\r'),
(1011, 'Richard Bach\r'),
(1012, 'Richard C. Lawrence\r'),
(1013, 'Richard Jardine León\r'),
(1014, 'Richie Chevat\r'),
(1015, 'Richmond\r'),
(1016, 'Rigoberta Menchú\r'),
(1017, 'Rindert Kromhout\r'),
(1018, 'Robert Ervin Howard\r'),
(1019, 'Robert Kalan\r'),
(1020, 'Robert Kistner\r'),
(1021, 'Robert Louis Stevenson\r'),
(1022, 'Robert McKissack\r'),
(1023, 'Robert Resnick\r'),
(1024, 'Robert Southey\r'),
(1025, 'Robert y Estella Menchaca\r'),
(1026, 'Roberto Aliaga\r'),
(1027, 'Roberto Arturo Menéndez\r'),
(1028, 'Roberto Pineda Escobar\r'),
(1029, 'Roberto Santiago\r'),
(1030, 'Roberto Turcios\r'),
(1031, 'Roberto Valencia\r'),
(1032, 'Robin Bernard\r'),
(1033, 'Rocío  Centeno Rojas\r'),
(1034, 'Rodolfo Cardenal\r'),
(1035, 'Rodrigo Ezequiel Montejo\r'),
(1036, 'Roger Judenne\r'),
(1037, 'Rolando Ernesto Herrera Sánchez\r'),
(1038, 'Rolando Olivares\r'),
(1039, 'Rómulo Gallegos\r'),
(1040, 'Roque Dalton\r'),
(1041, 'Rosa Margarita Montalvo\r'),
(1042, 'Rosa María Otero\r'),
(1043, 'Rosa Mira\r'),
(1044, 'Rosa Miriam Mena de Rodríguez\r'),
(1045, 'Rosa Navarro Durán\r'),
(1046, 'Rosa Vilma Arteaga Bolaños\r'),
(1047, 'Rosalinda B. Barrera\r'),
(1048, 'Rosario Ahumada\r'),
(1049, 'Rose Impey\r'),
(1050, 'Rosmarie Thüminger\r'),
(1051, 'Roxanna Marino\r'),
(1052, 'Roy Berocay\r'),
(1053, 'Rubén Darío\r'),
(1054, 'Ruth Merttens\r'),
(1055, 'Sabastián Lalaurette\r'),
(1056, 'Sabine R. Ulibarrí\r'),
(1057, 'Sala de lo constitucional\r'),
(1058, 'Salarrué\r'),
(1059, 'Sally Derby\r'),
(1060, 'Sally Johnson\r'),
(1061, 'Sally Terkel\r'),
(1062, 'Salvador Carranza\r'),
(1063, 'Salvador Hermoso Nájera\r'),
(1064, 'Salvador Juárez\r'),
(1065, 'Salvador Mejía\r'),
(1066, 'Salvador Novo\r'),
(1067, 'Sam McBratney\r'),
(1068, 'Samuel Rovinski\r'),
(1069, 'Samuel Smiles\r'),
(1070, 'Samy Bayala\r'),
(1071, 'Sandra Cisneros\r'),
(1072, 'Sandra Magsamen\r'),
(1073, 'Santiago García - Clairac\r'),
(1074, 'Sarah Doughty\r'),
(1075, 'Sarah Medina\r'),
(1076, 'Sarita Kendall\r'),
(1077, 'Saskia Rombouts\r'),
(1078, 'Saúl Flores\r'),
(1079, 'Saúl Schkolnik\r'),
(1080, 'Scott Foresman\r'),
(1081, 'Scout Forbes\r'),
(1082, 'Sebastián Plá\r'),
(1083, 'Segundo Montes\r'),
(1084, 'Sempé\r'),
(1085, 'Sergio Andricaín\r'),
(1086, 'Seth Adams\r'),
(1087, 'Severo Martínez Peláez\r'),
(1088, 'Seymour Menton\r'),
(1089, 'Shari Halpern\r'),
(1090, 'Sharon B.Montoya\r'),
(1091, 'Sigmar\r'),
(1092, 'Silver Burdett Ginn\r'),
(1093, 'Silvia Dubovoy\r'),
(1094, 'Silvia Elena Regalado\r'),
(1095, 'Silvia Ilacqua\r'),
(1096, 'Silvia Lorena López\r'),
(1097, 'Silvia T. Diez\r'),
(1098, 'Simone van de Vlugt\r'),
(1099, 'Sociedad Bíblicas unidas\r'),
(1100, 'Sófocles \r'),
(1101, 'Sol Nogueras\r'),
(1102, 'Soledad Arístegui de Vasallo\r'),
(1103, 'Soledad Mariona de Alas\r'),
(1104, 'Stefan Zweig\r'),
(1105, 'Stefanie Langer\r'),
(1106, 'Stephen Toulmin\r'),
(1107, 'Steve Cagan\r'),
(1108, 'Steve Parker\r'),
(1109, 'Steven Otfinoski\r'),
(1110, 'Sue O´Conell\r'),
(1111, 'Suetonio \r'),
(1112, 'Susan Dennis\r'),
(1113, 'Susan Lowell\r'),
(1114, 'Susan Rowan Masters\r'),
(1115, 'Sven Lidman\r'),
(1116, 'Swokowski & Cole\r'),
(1117, 'Sylvia Puentes de Oyenard\r'),
(1118, 'T.J. Polve\r'),
(1119, 'T.P. Mechin\r'),
(1120, 'Tahar Ben Jelloun\r'),
(1121, 'Tango Books\r'),
(1122, 'Tedd Arnold\r'),
(1123, 'Temera Bryant\r'),
(1124, 'Templar Book\r'),
(1125, 'Tereixa Alonso\r'),
(1126, 'Terenci Moix\r'),
(1127, 'Terencio/plauto\r'),
(1128, 'Teresa Aten\r'),
(1129, 'Teresa Cárdenas\r'),
(1130, 'Teresa Valenzuela\r'),
(1131, 'Terry Deary\r'),
(1132, 'Terry Wardle\r'),
(1133, 'Thalie de Molenes\r'),
(1134, 'The clever factory\r'),
(1135, 'Thelma Jiménez\r'),
(1136, 'Theresa Volpe\r'),
(1137, 'Thierry Robberecht\r'),
(1138, 'Thomas Hardy\r'),
(1139, 'Tim Bowler\r'),
(1140, 'Tim Johnson\r'),
(1141, 'TIO NICOLAS\r'),
(1142, 'Tirso Canales\r'),
(1143, 'Tirso de Molina\r'),
(1144, 'Todolibro\r'),
(1145, 'Tomie dePaola\r'),
(1146, 'Tony Johnson\r'),
(1147, 'Tracy Staedter\r'),
(1148, 'Trama Equipo Editorial\r'),
(1149, 'Tribunal de ética\r'),
(1150, 'Ulalume Gonzáles de León\r'),
(1151, 'Unicef\r'),
(1152, 'Usborne\r'),
(1153, 'Vee Browne\r'),
(1154, 'Velazquez\r'),
(1155, 'Verónica Freeman Ellis\r'),
(1156, 'Vesselo \r'),
(1157, 'Vic Parker\r'),
(1158, 'Vicens Reyes\r'),
(1159, 'Vicens Vives\r'),
(1160, 'Víctor Carvajal\r'),
(1161, 'Victor Hugo\r'),
(1162, 'Víctor Olguín Loza\r'),
(1163, 'Victor Silhy\r'),
(1164, 'Victor W. Von Hagen\r'),
(1165, 'Victoria María Mogollón\r'),
(1166, 'Victoriano Crémer\r'),
(1167, 'Vilma E. Girón González\r'),
(1168, 'Vincent Villatoro\r'),
(1169, 'Violeta Monreal\r'),
(1170, 'Virgilio Marón\r'),
(1171, 'Virginia A.Arnold\r'),
(1172, 'Virginia Blizzard\r'),
(1173, 'Vladislav Krapivin\r'),
(1174, 'Waldo Chávez Velasco\r'),
(1175, 'Wallace y Mary Stegner\r'),
(1176, 'Walt Disney\r'),
(1177, 'Walter Beneke\r'),
(1178, 'Walter Rossi\r'),
(1179, 'Walter Scott\r'),
(1180, 'Wilfred R. Kent\r'),
(1181, 'Wilhelm Grim\r'),
(1182, 'William Benton\r'),
(1183, 'William Camus\r'),
(1184, 'William Dietrich\r'),
(1185, 'William J.Bennet\r'),
(1186, 'William Mendoza\r'),
(1187, 'William Shakespeare\r'),
(1188, 'Wilson Pereira\r'),
(1189, 'Wolf Erlbrunch\r'),
(1190, 'Wong Herbert Yee\r'),
(1191, 'X. Espadaler\r'),
(1192, 'Xinia Evelya Castaneda\r'),
(1193, 'Yanitzia Canetti\r'),
(1194, 'Yasser Seirawan\r'),
(1195, 'Yolanda C. Martínez\r'),
(1196, 'Yolanda Martínez\r'),
(1197, 'Yolanda Reyes\r'),
(1198, 'Yvon Monette\r'),
(1199, 'Zamora\r'),
(1200, 'Zoraida Vásquez\r');

-- --------------------------------------------------------

--
-- Estructura de tabla para la tabla `biblioteca`
--

CREATE TABLE `biblioteca` (
  `idBiblioteca` int(11) NOT NULL,
  `nombreBiblioteca` varchar(30) NOT NULL
) ENGINE=InnoDB DEFAULT CHARSET=latin1;

--
-- Volcado de datos para la tabla `biblioteca`
--

INSERT INTO `biblioteca` (`idBiblioteca`, `nombreBiblioteca`) VALUES
(1, 'Principal'),
(2, 'Biblioteca 2'),
(3, 'Biblioteca 3');

-- --------------------------------------------------------

--
-- Estructura de tabla para la tabla `categoria`
--

CREATE TABLE `categoria` (
  `idCategoria` int(11) NOT NULL,
  `nombreCategoria` varchar(30) NOT NULL
) ENGINE=InnoDB DEFAULT CHARSET=latin1;

--
-- Volcado de datos para la tabla `categoria`
--

INSERT INTO `categoria` (`idCategoria`, `nombreCategoria`) VALUES
(1, 'Religión'),
(2, 'Superación'),
(3, 'Historia'),
(4, 'Lenguaje y literatura'),
(5, 'Estudios sociales'),
(6, 'Matemáticas'),
(7, 'Física'),
(8, 'Química'),
(9, 'Biología'),
(10, 'Ciencias humanas'),
(11, 'Ciencias Naturales'),
(12, 'Matemáticas avanzadas'),
(13, 'Inglés'),
(14, 'Geografía'),
(15, 'Literatura universal'),
(16, 'Enciclopedias'),
(17, 'Colección salvadoreña'),
(18, 'Literatura latinoamericana'),
(19, 'Literatura juvenil'),
(20, 'Colecciones de referencia'),
(21, 'Diccionarios');

-- --------------------------------------------------------

--
-- Estructura de tabla para la tabla `detalleautorlibro`
--

CREATE TABLE `detalleautorlibro` (
  `idlibro` int(11) NOT NULL,
  `idautor` int(11) NOT NULL
) ENGINE=InnoDB DEFAULT CHARSET=latin1;

-- --------------------------------------------------------

--
-- Estructura de tabla para la tabla `detalleprestamo`
--

CREATE TABLE `detalleprestamo` (
  `idDetallePrestamo` int(11) NOT NULL,
  `idPrestamo` int(11) NOT NULL,
  `idEjemplar` int(11) NOT NULL,
  `cantidad` int(11) NOT NULL
) ENGINE=InnoDB DEFAULT CHARSET=latin1;

-- --------------------------------------------------------

--
-- Estructura de tabla para la tabla `empleado`
--

CREATE TABLE `empleado` (
  `idPersona` int(11) NOT NULL,
  `dui` varchar(10) NOT NULL
) ENGINE=InnoDB DEFAULT CHARSET=latin1;

-- --------------------------------------------------------

--
-- Estructura de tabla para la tabla `estante`
--

CREATE TABLE `estante` (
  `idEstante` int(11) NOT NULL,
  `nombreEstante` varchar(15) NOT NULL
) ENGINE=InnoDB DEFAULT CHARSET=latin1;

--
-- Volcado de datos para la tabla `estante`
--

INSERT INTO `estante` (`idEstante`, `nombreEstante`) VALUES
(1, 'Estante 1'),
(2, 'Estante 2'),
(3, 'Estante 3'),
(4, 'Estante 4'),
(5, 'Estante 5');

-- --------------------------------------------------------

--
-- Estructura de tabla para la tabla `librera`
--

CREATE TABLE `librera` (
  `idLibrera` int(11) NOT NULL,
  `nombreLibrera` varchar(30) NOT NULL
) ENGINE=InnoDB DEFAULT CHARSET=latin1;

--
-- Volcado de datos para la tabla `librera`
--

INSERT INTO `librera` (`idLibrera`, `nombreLibrera`) VALUES
(1, 'Librera 1'),
(2, 'Librera 2'),
(3, 'Librera 3'),
(4, 'Librera 4'),
(5, 'Librera 5'),
(6, 'Librera 6'),
(7, 'Librera 7'),
(8, 'Librera 8'),
(9, 'Librera 9');

-- --------------------------------------------------------

--
-- Estructura de tabla para la tabla `libro`
--

CREATE TABLE `libro` (
  `idLibro` int(11) NOT NULL,
  `idCategoria` int(11) NOT NULL,
  `titulo` varchar(50) NOT NULL
) ENGINE=InnoDB DEFAULT CHARSET=latin1;

--
-- Volcado de datos para la tabla `libro`
--

INSERT INTO `libro` (`idLibro`, `idCategoria`, `titulo`) VALUES
(1, 9, 'Ciencia para Texas grado 7\r'),
(2, 9, 'Biología La dinámica de la vida\r'),
(3, 9, 'La lagartija\r'),
(4, 9, 'La ardilla\r'),
(5, 9, 'El jabalí\r'),
(6, 9, 'Las tortugas\r'),
(7, 9, 'Animales Acorazados 123\r'),
(8, 9, 'El lagarto cornudo\r'),
(9, 9, 'El erizo de mar\r'),
(10, 9, 'Biology\r'),
(11, 10, 'El hombre y la cultura\r'),
(12, 10, 'La filosofía para chicos: Ideas para trabajo en el'),
(13, 10, 'Introducción a la practica de la filosofía\r'),
(14, 10, 'Secretos del cosmos\r'),
(15, 10, 'Teoría del Estado\r'),
(16, 10, 'Orientación para la vida (Primer año de bachillera'),
(17, 10, 'Psicología de la adolescencia\r'),
(18, 10, 'Redacción Comercial Estructurada\r'),
(19, 10, 'Sociología de los medios masivos de comunicación\r'),
(20, 10, 'Etnografía de El Salvador\r'),
(21, 10, 'El mundo maravilloso del niño\r'),
(22, 10, 'La ética: arte de vivir\r'),
(23, 10, 'Manual del conductor\r'),
(24, 10, 'Que és inteligencia emocional\r'),
(25, 10, 'Materialismo Dialéctico\r'),
(26, 10, 'Pensemos 10 \r'),
(27, 10, 'El origen de la familia, la propiedad privada y el'),
(28, 10, 'El pequeño libro de los derechos, deberes y las vi'),
(29, 10, 'Caja Mágica. Una experiencia de comunicación y par'),
(30, 10, '¿Qué es la filosofía?\r'),
(31, 10, 'Crítica de la Razón Pura\r'),
(32, 10, 'Nuestro futuro: Desafíos ambientales\r'),
(33, 10, 'Filosofía II\r'),
(34, 10, 'Ideas pedagógicas\r'),
(35, 10, 'Los manuscritos de 1844 y Tesis sobre Feuerbach\r'),
(36, 10, 'La gran familia humana\r'),
(37, 10, 'San Miguel de Allende\r'),
(38, 10, 'La sociedad de consumismo\r'),
(39, 10, 'Ecopedagogía para el nuevo milenio\r'),
(40, 10, 'Perestroika\r'),
(41, 10, 'Técnicas de investigación social\r'),
(42, 10, 'Área de Formación Aplicada Educación Media: Semina'),
(43, 10, 'Campesinos en El Salvador: Economía, Migración y N'),
(44, 10, 'Mercadotecnia\r'),
(45, 10, 'Pedagogía General\r'),
(46, 10, 'Autoritarismo y modernización: El Salvador 1950-19'),
(47, 10, 'Algo más sobre Formación cívica y ética 1\r'),
(48, 10, 'Sociología General\r'),
(49, 10, 'Una Escuela Previsora y el Ideal de Paz\r'),
(50, 10, 'Juegue bien al ajedrez\r'),
(51, 11, 'El cuerpo Humano (25)\r'),
(52, 11, 'La basura no es basura\r'),
(53, 11, 'Cúrese Usted Mismo\r'),
(54, 11, 'Estructuralismo y ecología\r'),
(55, 11, 'Ciencias Naturales Bachillerato 2\r'),
(56, 11, 'Ciencias Naturales bachillerato 1\r'),
(57, 11, 'Ciencias, salud y medio ambiente 8\r'),
(58, 11, 'Clases de alimentos de origen vegetal y animal\r'),
(59, 11, 'La Deforestación: Calentamiento Global\r'),
(60, 11, 'Atlas Visual de la Ciencia: Rocas y minerales\r'),
(61, 11, 'Atlas Visual de la Ciencia: Volcanes y terremotos\r'),
(62, 11, 'Atlas visuales océano: Física\r'),
(63, 11, 'Biblioteca temática escolar: Animales vertebrados\r'),
(64, 11, 'Biblioteca temática escolar: Energía y materia\r'),
(65, 11, 'Biblioteca temática escolar: Los seres vivos\r'),
(66, 11, 'El universo\r'),
(67, 11, 'Secretos del mundo animal: El camello el todoterre'),
(68, 11, 'El clima\r'),
(69, 11, 'Biología 3\r'),
(70, 11, 'Zoología general\r'),
(71, 11, 'Árboles frutales productos de la huerta\r'),
(72, 11, 'Emergencias (Cómo aplicar primeros auxilios)\r'),
(73, 11, 'Plantas Medicinales al servicio de los animales\r'),
(74, 11, 'Ciencias Naturales Segundo año de bachilerato\r'),
(75, 11, 'Ciencias Naturales Primer año de bachillerato\r'),
(76, 11, 'Historia natural y ecológica de El Salvador Tomo I'),
(77, 11, 'Historia natural y ecológica de El Salvador Tomo I'),
(78, 11, 'Hablando de Sida\r'),
(79, 11, 'Nomenclatura de los compuestos orgánicos\r'),
(80, 11, 'Ciencias 8°\r'),
(81, 11, 'Biología (Primer año de bachillerato)\r'),
(82, 11, 'Mecanismos de protección del Recurso Agua\r'),
(83, 11, 'Ciencia de la cabeza a los pies\r'),
(84, 11, 'Ciencia, salud y medio ambiente (Noveno grado)\r'),
(85, 11, 'Psicología de la Adolescencia (Primer año de bachi'),
(86, 11, 'Psicología de la Adolescencia (Segundo año de bach'),
(87, 11, 'Compendio de botánica sistemática\r'),
(88, 11, 'Ciencia, salud y medio ambiente 6\r'),
(89, 11, 'Ciencia, salud y medio ambiente 8\r'),
(90, 11, 'Ciencias Naturales 1\r'),
(91, 11, 'Ciencias, salud y medio ambiente 2\r'),
(92, 11, 'Ciencias, salud y medio ambiente 5\r'),
(93, 11, 'Conciencia 3\r'),
(94, 11, 'Conciencia 4\r'),
(95, 11, 'Conciencia 5\r'),
(96, 11, 'Ecología (Tercer año de bachillerato)\r'),
(97, 11, 'Ciencias Naturales 3\r'),
(98, 11, 'Ciencias Naturales Educación Básica 6\r'),
(99, 11, 'Enciclopedia médica familiar\r'),
(100, 11, 'Enciclopedia Larousse El cuerpo humano\r'),
(101, 11, 'Prácticas de laboratorio de Química (Primer año de'),
(102, 11, 'Ciencia Salud y medio ambiente 6°\r'),
(103, 11, 'Ciencias Naturales 2° año Bachillerato General\r'),
(104, 11, 'Ciencias Naturales 1er. año de bachillerato\r'),
(105, 11, 'Ciencia Salud y medio ambiente 5°\r'),
(106, 11, 'Ciencias, salud y medio ambiente 8° grado\r'),
(107, 11, 'Ciencias, salud y medio ambiente 9° grado\r'),
(108, 11, 'Fuerza y salud por la alimentación\r'),
(109, 11, 'Ciencias 7\r'),
(110, 11, 'Ciencia Naturales 6 Santillana\r'),
(111, 11, 'Esa horrible ciencia: Funestas Fuerzas\r'),
(112, 11, 'Las semillas\r'),
(113, 11, 'Biología\r'),
(114, 11, 'Ciencia Salud y medio ambiente 8\r'),
(115, 11, 'Ciencia Salud y medio ambiente 9\r'),
(116, 11, 'Fundamentos de Química\r'),
(117, 11, 'Estudio de los vertrebrados\r'),
(118, 11, 'Ciencia, salud y medio ambiente (Noveno grado)\r'),
(119, 11, 'Ciencia, salud y medio ambiente (Octavo grado)\r'),
(120, 11, 'Ciencias Naturales (Cuarto grado)\r'),
(121, 11, ' Ciencias Naturales Sexto Grado Sinaí\r'),
(122, 11, 'Sexualidad Humana y Relaciones Personales\r'),
(123, 11, 'Conozcamos la naturaleza\r'),
(124, 11, 'La Píldora\r'),
(125, 11, 'Física para estudiantes de ciencias e ingeniería\r'),
(126, 11, 'Ciencias Naturales 1\r'),
(127, 11, 'Ciencias Naturales 3\r'),
(128, 11, 'Ciencias Naturales educación Básica 2\r'),
(129, 11, '¿Qué necesitan los seres vivos? Hogares\r'),
(130, 11, 'Ciencia Salud y medio ambinete 7 El Salvador\r'),
(131, 11, 'Ciencias, salud y medio ambiente 6° grado\r'),
(132, 11, 'Poco a poco\r'),
(133, 11, 'Zoologìa. Vida social de los insectos gusanos cilí'),
(134, 11, 'Mis primeros conocimientos \r'),
(135, 11, 'Ciencias, salud y medio ambiente\r'),
(136, 11, 'Ciencias, salud y medio ambiente 7\r'),
(137, 17, 'La escritura\r'),
(138, 17, 'Expresión Literaria de nuestra vieja raza\r'),
(139, 17, 'Cómo aprender a estudiar y aprender con eficacia\r'),
(140, 17, 'Ensayos \r'),
(141, 17, 'Jicaras tristes\r'),
(142, 17, 'Cuentos (in)completos y maravillosos\r'),
(143, 17, 'La muerte de un viajante\r'),
(144, 17, 'Crónicas\r'),
(145, 17, 'El trueno entre las hojas\r'),
(146, 17, 'Hablan los nahuales mito y testimonio\r'),
(147, 17, 'Mi madrina\r'),
(148, 17, 'Retazos\r'),
(149, 17, 'Las manos de Dios/La colina\r'),
(150, 17, 'Mágica tribu prólogo de Manlio Argueta\r'),
(151, 17, 'El Salvador la tierra y el hombre\r'),
(152, 17, 'Crimen y castigo\r'),
(153, 17, 'El Salvador en transición\r'),
(154, 17, 'Los acuerdos de paz\r'),
(155, 17, 'Flora Salvadoreña. Tomo I\r'),
(156, 17, 'Flora Salvadoreña. Tomo II\r'),
(157, 17, 'Flora Salvadoreña. Tomo III\r'),
(158, 17, 'Flora Salvadoreña. Tomo IV\r'),
(159, 17, 'Cuzcatlan\r'),
(160, 17, 'Los simbolos patrios\r'),
(161, 17, 'Mentiras y verdades\r'),
(162, 17, 'Popol vuh para niños\r'),
(163, 17, 'Tradición oral de El Salvador\r'),
(164, 17, 'Ley especial integral p/una vida sin violencia par'),
(165, 17, 'Los años de plomo en El Salvador (1981-1992)\r'),
(166, 17, 'Letra viva\r'),
(167, 17, 'Monseñor Romero\r'),
(168, 17, 'Historia de Centroamérica\r'),
(169, 17, 'La vida de Lazarillo de Tormes\r'),
(170, 17, 'La cultura del diablo\r'),
(171, 17, 'Las mormonas y otros cuentos\r'),
(172, 17, 'La edad de oro\r'),
(173, 17, 'Relatos\r'),
(174, 17, 'Con ese pasito corto\r'),
(175, 17, 'Leyes de renta e IVA\r'),
(176, 17, 'Cuzcatlan donde bate la mar del sur\r'),
(177, 17, 'Antologia del cuento salvadoreño\r'),
(178, 17, 'El Salvador en construcción\r'),
(179, 17, 'Las aventuras de Tom Sawyer\r'),
(180, 17, 'Una muerte anunciada\r'),
(181, 17, 'Popol vuh\r'),
(182, 17, 'El hombre que lo tenía todo todo todo\r'),
(183, 17, '"El ""Cipitío"" en El Salvador SHERATON"\r'),
(184, 17, 'El evangelio de monseñor\r'),
(185, 17, 'Mi cuerpo me pertenece a mí\r'),
(186, 17, 'Tiende el vuelo\r'),
(187, 17, 'Pintura Salvadoreña\r'),
(188, 17, 'Jaraguá\r'),
(189, 17, 'Jubileo dos mil años de Jesús, veinte de Romero\r'),
(190, 17, 'La flor de izote que rebrota entre ruinas y ceniza'),
(191, 17, 'Los nietos del jaguar\r'),
(192, 17, 'La bruja Mon\r'),
(193, 17, '¿Guerrita, no? cuentos\r'),
(194, 17, 'Homenaje Nacional\r'),
(195, 17, 'Crisis del desarrollismo\r'),
(196, 17, 'Temas Salvadoreños\r'),
(197, 17, 'Soloman\r'),
(198, 17, 'De casi seres humanos\r'),
(199, 17, 'Puro Pueblo\r'),
(200, 17, 'Cuscatlán de las aguas azules\r'),
(201, 17, 'El Literatura universal necesario\r'),
(202, 17, 'La ira del cordero\r'),
(203, 17, 'Biografías Mártires de la UCA\r'),
(204, 17, 'Anastasio\r'),
(205, 17, 'Doña Bárbara\r'),
(206, 17, 'Las historias prohibidas del pulgarcito\r'),
(207, 17, 'El Salvador Monografía\r'),
(208, 17, 'Constitución de El Salvador 1983 Edición especial\r'),
(209, 17, 'O-Yarkandal\r'),
(210, 17, 'Cuentos de Barro\r'),
(211, 17, '¿Y quié dijo Silencio?\r'),
(212, 17, 'Lecturas nacionales de El Salvador\r'),
(213, 17, 'Desnuda de mí\r'),
(214, 17, 'Brochazos\r'),
(215, 17, '¿Qué historia conocer para cambiar El Salvador?\r'),
(216, 17, 'Reglamento de la ley de Ética Gubernamental\r'),
(217, 17, 'Tres días de gloria\r'),
(218, 17, 'El Sombrero de Otoño\r'),
(219, 17, 'Aquel formidable Far West\r'),
(220, 20, 'El espacio NatGeo\r'),
(221, 20, 'La vuelta al mundo en ochenta cuentos\r'),
(222, 20, 'Ontario, la mariposa viajera\r'),
(223, 20, 'La hamaca de la vaca o un amigo más\r'),
(224, 20, 'El gallo que fué a la boda de su tio \r'),
(225, 20, 'El relleno sanitario\r'),
(226, 20, 'El museo de la nauraleza\r'),
(227, 20, 'Miremos tiras cómicas\r'),
(228, 20, 'El gran viaje\r'),
(229, 20, 'El tigre que perdió sus rayas\r'),
(230, 20, 'La rayuela\r'),
(231, 20, 'El rey colibrí\r'),
(232, 20, 'Nunca despiertes a una serpiente\r'),
(233, 20, 'Hotel Cacto\r'),
(234, 20, 'El gallo de garrido\r'),
(235, 20, 'El día que el armadillo vio su sombra\r'),
(236, 20, 'Caramelos de menta\r'),
(237, 20, 'La panadería\r'),
(238, 20, 'La tortilla corredora\r'),
(239, 20, 'Pterodáctilo\r'),
(240, 20, 'El parque enfermo\r'),
(241, 20, 'Azul el 2\r'),
(242, 20, 'Todo sobre huevos\r'),
(243, 20, 'Cuaderno de trabajo N°3\r'),
(244, 20, 'Guía escolar 6\r'),
(245, 20, 'Tortugas Marinas\r'),
(246, 20, 'Disney amigos con animales rompecabezas\r'),
(247, 20, 'Tarzán \r'),
(248, 20, 'Mi libro encantado La hora de jugar volumen XI\r'),
(249, 20, 'Mi libro encantado Páginas de oro volumen X\r'),
(250, 20, 'Mi libro encantado El mar y la aventura volumen VI'),
(251, 20, 'Música ¿Qué es el arte?\r'),
(252, 20, '¡A bailar! Colección piñata\r'),
(253, 20, 'Atlas visual de la ciencia (peces y anfibios)\r'),
(254, 20, 'Atlas visual de la ciencia (evolución)\r'),
(255, 20, 'Gauguin\r'),
(256, 20, 'El día que no salió el sol\r'),
(257, 20, 'Aves NatGeo\r'),
(258, 20, 'Soñando con mi torta de jamón\r'),
(259, 20, 'El libro de los valores El diario de hoy\r'),
(260, 20, 'Triste historia del sol con final feliz\r'),
(261, 20, 'Origami fácil y rápido\r'),
(262, 20, 'La pintora solitaria\r'),
(263, 20, 'Vamos a jugar otra vez\r'),
(264, 20, 'La pequeña oruga glotona\r'),
(265, 20, 'Gramática a base de dibujos\r'),
(266, 20, 'Cuentos para niños\r'),
(267, 20, 'Una semana en Lugano\r'),
(268, 20, 'El oso que no lo era\r'),
(269, 20, 'Beisbol en abril y otras historias\r'),
(270, 20, 'Lápiz y papel 4\r'),
(271, 20, 'Construye un imán\r'),
(272, 20, 'La princesa y el guisante\r'),
(273, 20, 'Cuentos de la selva\r'),
(274, 20, 'Cuaderno de práctica\r'),
(275, 20, 'Cuaderno de práctica\r'),
(276, 20, 'Haciendo Collages\r'),
(277, 20, 'Colmillo Blanco\r'),
(278, 20, 'Elisa la elefanta\r'),
(279, 20, 'El pequeño tigre y el osito en la ciudad\r'),
(280, 20, 'Los Hamsters\r'),
(281, 20, 'Fiestas con velas 123\r'),
(282, 20, 'Ice Age 2 el deshielo Sid y los miniperezosos\r'),
(283, 20, 'Las cuevas\r'),
(284, 20, 'Los icebergs\r'),
(285, 20, 'El super chef científico\r'),
(286, 20, 'Argentina\r'),
(287, 20, 'Brazil/Brasil\r'),
(288, 20, 'Vida en la selva en la punta de tus dedos\r'),
(289, 20, 'Destruction Earth/ Destrucción en la tierra\r'),
(290, 20, 'Tiny Terrors/ Terrores Diminutos\r'),
(291, 20, 'Wild Weather / Tiempo Salvaje\r'),
(292, 20, 'Predator Attacck! ¡El predador ataca!\r'),
(293, 20, '¿Quién me enseña a estornudar?\r'),
(294, 20, 'La noche es joven\r'),
(295, 20, 'Don León y don ratón\r'),
(296, 20, '¡Increible! Hay un estegosaurio en las escaleras\r'),
(297, 20, '¡Increible! Hay un triceratops en la casa del árbo'),
(298, 20, 'El cuerpo humano NatGeo\r'),
(299, 20, 'Secretos en piedra\r'),
(300, 20, 'Terremotos y volcanes NatGeo\r'),
(301, 20, 'El largo viaje de  los dragones\r'),
(302, 20, 'El frijol\r'),
(303, 20, 'Pero ¿qué es lo que quieren las mujeres?\r'),
(304, 20, 'Poemas con sol y son Colección Latinoamericana\r'),
(305, 20, 'El buscadatos 2\r'),
(306, 20, 'El buscadatos 3\r'),
(307, 20, 'Manualidades para todos\r'),
(308, 20, 'Caballos y ponys\r'),
(309, 20, 'Mosquito\r'),
(310, 20, '¡Qué gato!\r'),
(311, 20, 'La ratita Blasa\r'),
(312, 20, 'En la pampa\r'),
(313, 20, 'Gimnasia Mental 3\r'),
(314, 20, 'Animar a la lectura jugando\r'),
(315, 20, 'Mi libro de los oficios\r'),
(316, 20, '¡Estate quieto!\r'),
(317, 20, 'Cantando cuentos para cambiar 7\r'),
(318, 20, 'Delfines al amanecer\r'),
(319, 20, 'El gentil Dragón rojo\r'),
(320, 20, 'Un sueño sobre ruedas\r'),
(321, 20, 'El zorro y el cuy\r'),
(322, 20, 'Voy a un recital\r'),
(323, 20, 'Voy a la biblioteca\r'),
(324, 20, 'Voy al restaurante \r'),
(325, 20, 'Me llaman la nena nueva\r'),
(326, 20, 'Una fuerza especial\r'),
(327, 20, 'Haciendo nuestro nido\r'),
(328, 20, 'Libro de registro de la evaluación de aprendizajes'),
(329, 20, '¡No dejes que la paloma conduzca el autobus!\r'),
(330, 20, 'Lo siento! \r'),
(331, 20, 'El basquetbol\r'),
(332, 20, 'Sapito y Sapón\r'),
(333, 20, 'Manualidades escolares para jugar y crear\r'),
(334, 20, 'Descubrir cómo es (Actividades experimentales)\r'),
(335, 20, 'El pequeño ciudadano derechos y deberes\r'),
(336, 20, 'Taller de creatividad enredadando y desenredando 3'),
(337, 20, 'Este alce es mío\r'),
(338, 20, 'Un gato en el árbol\r'),
(339, 20, 'Quiero ser famosa\r'),
(340, 20, 'Servicios públicos de lectura y jóvenes\r'),
(341, 20, 'Como circula nuestra sangre\r'),
(342, 20, 'El puchero trotón\r'),
(343, 20, 'Números de circo\r'),
(344, 20, '¡Adios!\r'),
(345, 20, 'Las Hojas\r'),
(346, 20, 'Las raíces\r'),
(347, 20, 'Flotar\r'),
(348, 20, 'Uncover a cat\r'),
(349, 20, 'Buscando el norte\r'),
(350, 20, 'Calle de la lectura Imagínalo\r'),
(351, 20, 'La noche de los cambios\r'),
(352, 20, 'El medio ambiente explicado a los niños\r'),
(353, 20, 'El perro Simbo\r'),
(354, 20, 'Cuentos y leyendas de los armenios\r'),
(355, 20, '¿De quién es la pelota?\r'),
(356, 20, '¿Qué pone aquí?\r'),
(357, 20, '¡Salta ranita, salta!\r'),
(358, 20, 'Ricitos de oro y los tres osos\r'),
(359, 20, 'El principe de los enredos\r'),
(360, 20, 'Voladores nocturnos\r'),
(361, 20, 'Los tamaños\r'),
(362, 20, 'Pupurupú\r'),
(363, 20, 'Poemas para niños\r'),
(364, 20, 'Cuando los sapos se enamoran\r'),
(365, 20, 'Descubre las maravillas\r'),
(366, 20, 'Viajes fantásticos lectura\r'),
(367, 20, 'Junior \r'),
(368, 20, 'Libro de recursos para el maestro\r'),
(369, 20, 'California. Cuaderno de repaso y práctica.\r'),
(370, 20, 'Mi río\r'),
(371, 20, 'Literatura abremundos Coleccion 3 libro 1\r'),
(372, 20, 'Literatura abremundos Coleccion 1 libro 3\r'),
(373, 20, 'Descubre tu maravilloso cuerpo\r'),
(374, 20, 'Las rimas de Raúl\r'),
(375, 20, 'La vida en un castillo\r'),
(376, 20, 'Libro tridimensional El cuerpo humano\r'),
(377, 20, 'Los siete cabritos\r'),
(378, 20, 'Blancanieves clásicos en tres dimensiones\r'),
(379, 20, '"La leyenda de la flor ""el conejo"""\r'),
(380, 20, 'Las aventuras de Ulises\r'),
(381, 20, 'Nuevo diccionario de la pronunciación ingles/españ'),
(382, 20, 'La isla de la nube lluviosa\r'),
(383, 20, '¿Que necesitan los seres vivos? Alimento\r'),
(384, 20, 'Los muñecos de Iñigo y Begoña\r'),
(385, 20, '¡UY! Hay un ratón en las casa\r'),
(386, 20, 'Ceniciento\r'),
(387, 20, '¿Dónde viven las hormigas ?\r'),
(388, 20, 'Mi mascota\r'),
(389, 20, 'Diviertete con la fotografía\r'),
(390, 20, 'Consultor del estudiate: Literatura, Biologia I y '),
(391, 20, 'Consultor del estudiante: Metodología de estudio y'),
(392, 20, 'Consultor del estudiante: Química, Gramática I y I'),
(393, 20, 'High School Musical\r'),
(394, 20, 'Administración de documentos . Sistemas , procedim'),
(395, 20, 'Click Activo serie de informática 1\r'),
(396, 20, 'Mooshka (Meet the mooshka girls)\r'),
(397, 21, 'Diccionario manual ilustrado de arquitectura\r'),
(398, 21, 'Diccionario de Sinónimos-Antónimos\r'),
(399, 21, 'Diccionario Enciclopedico\r'),
(400, 21, 'Reglas y ejercicios\r'),
(401, 21, 'Mi primer curso de Inglés. Good-bye!\r'),
(402, 21, 'Mi primer diccionario. Escarbar-planta\r'),
(403, 21, 'Mi primer diccionario. Plastilina-Zueco\r'),
(404, 21, 'Nostradamus\r'),
(405, 21, 'Diccionario Inglés-Español\r'),
(406, 21, 'Mi primer diccionario Inglés\r'),
(407, 21, 'Diccionario Velázques Inglés-Español\r'),
(408, 21, 'Enciclopedia tematica estudiantil\r'),
(409, 21, 'Banco Capitalizador\r'),
(410, 21, 'Breve diccionario del mercadeo\r'),
(411, 16, 'Historia Natural: Zoología (Invertebrados)\r'),
(412, 16, 'Historia Natural: Zoología (Vertebrados)\r'),
(413, 16, 'El supermercado\r'),
(414, 16, 'La lechería\r'),
(415, 16, 'Los Clásicos: Obras Filosóficas\r'),
(416, 16, 'Los exploradores de National Geographic. Ballenas '),
(417, 16, 'Los Clásicos: De los héroes (Carlile) y Hombres re'),
(418, 16, 'Viviente y no viviente. Desierto\r'),
(419, 16, 'El manzanar\r'),
(420, 16, 'El periódico\r'),
(421, 16, 'La fábrica de camiones de bomberos\r'),
(422, 16, 'Libro del año 1972\r'),
(423, 16, 'Los Clásicos: Tratados Morales\r'),
(424, 16, '100 cosas que debes saber sobre. Los océanos\r'),
(425, 16, 'Los Clásicos: La Divina Comedia\r'),
(426, 16, 'Kwanzaa\r'),
(427, 16, 'Diccionario Enciclopédico Quillet Tomo I\r'),
(428, 16, 'Diccionario Enciclopédico Quillet Tomo II\r'),
(429, 16, 'Diccionario Enciclopédico Quillet Tomo III\r'),
(430, 16, 'Diccionario Enciclopédico Quillet Tomo IV\r'),
(431, 16, 'Diccionario Enciclopédico Quillet Tomo V\r'),
(432, 16, 'Diccionario Enciclopédico Quillet Tomo VI\r'),
(433, 16, 'Diccionario Enciclopédico Quillet Tomo VII\r'),
(434, 16, 'El nuevo tesoro de la juventud. Tomo 1\r'),
(435, 16, 'El nuevo tesoro de la juventud. Tomo 10\r'),
(436, 16, 'El nuevo tesoro de la juventud. Tomo 11\r'),
(437, 16, 'El nuevo tesoro de la juventud. Tomo 12\r'),
(438, 16, 'El nuevo tesoro de la juventud. Tomo 13\r'),
(439, 16, 'El nuevo tesoro de la juventud. Tomo 14\r'),
(440, 16, 'El nuevo tesoro de la juventud. Tomo 15\r'),
(441, 16, 'El nuevo tesoro de la juventud. Tomo 16\r'),
(442, 16, 'El nuevo tesoro de la juventud. Tomo 17\r'),
(443, 16, 'El nuevo tesoro de la juventud. Tomo 18\r'),
(444, 16, 'El nuevo tesoro de la juventud. Tomo 19\r'),
(445, 16, 'El nuevo tesoro de la juventud. Tomo 2\r'),
(446, 16, 'El nuevo tesoro de la juventud. Tomo 20\r'),
(447, 16, 'El nuevo tesoro de la juventud. Tomo 3\r'),
(448, 16, 'El nuevo tesoro de la juventud. Tomo 4\r'),
(449, 16, 'El nuevo tesoro de la juventud. Tomo 5\r'),
(450, 16, 'El nuevo tesoro de la juventud. Tomo 6\r'),
(451, 16, 'El nuevo tesoro de la juventud. Tomo 7\r'),
(452, 16, 'El nuevo tesoro de la juventud. Tomo 8\r'),
(453, 16, 'El nuevo tesoro de la juventud. Tomo 9\r'),
(454, 16, 'Enciclopedia Larousse del estudiante 10. La geogra'),
(455, 16, 'Enciclopedia Larousse del estudiante 11. La litera'),
(456, 16, 'Enciclopedia Larousse del estudiante 12 Mitología\r'),
(457, 16, 'Enciclopedia Larousse del estudiante 2. La histori'),
(458, 16, 'Enciclopedia Larousse del estudiante 3. La tierra\r'),
(459, 16, 'Enciclopedia Larousse del estudiante 4. Los animal'),
(460, 16, 'Enciclopedia Larousse del estudiante 7. Nuestro Mu'),
(461, 16, 'Enciclopedia Larousse del estudiante 8. El hombre '),
(462, 16, 'Enciclopedia Larousse del estudiante 9. Grandes In'),
(463, 16, 'Gran atlas universal 1. El mundo\r'),
(464, 16, 'Gran atlas universal 4: Europa 1\r'),
(465, 16, 'Gran atlas universal 5: Europa 2\r'),
(466, 16, 'Gran Atlas Universal 9: Índice Toponímico\r'),
(467, 16, 'Gran enciclopedia visual 1. a-ard\r'),
(468, 16, 'Gran enciclopedia visual 10. nid-per\r'),
(469, 16, 'Gran enciclopedia visual 11. per-ret\r'),
(470, 16, 'Gran enciclopedia visual 12. Ret-sev\r'),
(471, 16, 'Gran enciclopedia visual 13.Sév-Tri\r'),
(472, 16, 'Gran enciclopedia visual 14. Tri-Zwo\r'),
(473, 16, 'Gran enciclopedia visual 2. ard-bra\r'),
(474, 16, 'Gran enciclopedia visual 3. Bra-chi\r'),
(475, 16, 'Gran enciclopedia visual 4. Chi-Del\r'),
(476, 16, 'Gran enciclopedia visual 5. del-eur\r'),
(477, 16, 'Gran enciclopedia visual 6. Eur-gra\r'),
(478, 16, 'Gran enciclopedia visual 7. Gra-Isi\r'),
(479, 16, 'Gran enciclopedia visual 8. isl-mac\r'),
(480, 16, 'Gran enciclopedia visual 9.Mac-nid\r'),
(481, 16, 'Los Clásicos: Grandes Cuentistas\r'),
(482, 16, 'Los Clásicos: Grandes escritores rusos\r'),
(483, 16, 'Los Clásicos: Historiadores de Indias\r'),
(484, 16, 'Atlas del cuerpo humano\r'),
(485, 16, 'Atlas visual de la ciencia. Mamíferos\r'),
(486, 16, 'Ciencias Naturales. El cuerpo humano. (Bibloteca t'),
(487, 16, 'Ciencias Naturales. Los seres vivos. (Bibloteca te'),
(488, 16, 'Gente. Aventuras a través del tiempo\r'),
(489, 16, 'Lengua. Grámatica fácil. (Bibloteca temática escol'),
(490, 16, 'Los Clásicos: Antología de poetas líricos castella'),
(491, 16, 'Matemáticas. Álgebra y geometría. (Bibloteca temát'),
(492, 16, 'Mi primer libro de las ciencias. Ciencias de la ti'),
(493, 16, 'Mi primer libro de las ciencias. Ciencias de la vi'),
(494, 16, 'Mi primer libro de los animales. De la selva, de l'),
(495, 16, 'Mi primer libro de los cómo. Cómo fue, es y será\r'),
(496, 16, 'Mi primer libro de los cómo. Cómo se hace, cómo fu'),
(497, 16, 'Mi primer libro de los porqué. De nuestra vida\r'),
(498, 16, 'Mi primer libro de los porqué. De nuestro mundo\r'),
(499, 16, 'Mi primera enciclopedia. El ser humano, la cuidad,'),
(500, 16, 'Mi primera enciclopedia. El universo, la tierra, f'),
(501, 16, 'New webster''s dictionary Spanish-English\r'),
(502, 16, 'Primaria activa VOLUMEN 2\r'),
(503, 16, 'Primaria activa VOLUMEN 3\r'),
(504, 16, 'Primaria activa VOLUMEN 4\r'),
(505, 16, 'Secretos del mundo animal 13. La jirafa\r'),
(506, 16, 'Secretos del mundo animal 3. El oso\r'),
(507, 16, 'Secretos del mundo animal 9. El murciélago\r'),
(508, 16, 'Los Clásicos: Novelas y cuentos\r'),
(509, 16, 'Gran Atlas Universal 8: Asia y Oceanía 2\r'),
(510, 16, 'Gran Atlas Universal 6: África\r'),
(511, 16, 'Gran Atlas Universal 3: América del Sur, Central y'),
(512, 16, 'Gran Atlas Universal 2: América del Norte y el Car'),
(513, 16, 'Enciclopedia Everest de la naturaleza\r'),
(514, 16, 'Recopilación: Suplemente Cultural Tres Mil\r'),
(515, 16, 'Los Clásicos: Obras Escogidas\r'),
(516, 16, 'Los Clásicos: Vida de pintores, escultores y arqui'),
(517, 16, 'Camionero\r'),
(518, 16, 'Los Clásicos: Los nueve libros de la historia\r'),
(519, 16, 'No le tenga miedo a su hijo\r'),
(520, 16, 'Los Clásicos: La Ilíada\r'),
(521, 16, 'Alimentos negros\r'),
(522, 16, 'Los Clásicos: Las Confesiones\r'),
(523, 16, 'Historia Universal: Las grandes corrientes de la h'),
(524, 16, 'Historia Universal: Las grandes corrientes de la h'),
(525, 16, 'Historia Universal: Las grandes corrientes de la h'),
(526, 16, 'Historia Universal: Las grandes corrientes de la h'),
(527, 16, 'Historia Universal: Las grandes corrientes de la h'),
(528, 16, 'Historia Universal: Las grandes corrientes de la h'),
(529, 16, 'Historia Universal: Las grandes corrientes de la h'),
(530, 16, 'Historia Universal: Las grandes corrientes de la h'),
(531, 16, 'Historia Universal: Las grandes corrientes de la h'),
(532, 16, 'Familias de animales salvajes. Rudy el rinoceronte'),
(533, 16, 'Familias de animales salvajes. Timba el tigre\r'),
(534, 16, 'Las posadas\r'),
(535, 16, 'Los Clásicos: Fausto\r'),
(536, 16, 'Mi Enciclopedia: Continentes y Países Vol. 1\r'),
(537, 16, 'Mi Enciclopedia: Física y Química\r'),
(538, 16, 'Mi Enciclopedia: Invenciones y Descubrimientos Vol'),
(539, 16, 'Mi Enciclopedia: Invenciones y Descubrimientos Vol'),
(540, 16, 'Mi Enciclopedia: Las Plantas\r'),
(541, 16, 'Mi Enciclopedia: Los grandes avanzados de la human'),
(542, 16, 'Brazos, codos, manos y dedos\r'),
(543, 16, 'El armadillo\r'),
(544, 16, 'El cangrejo bayoneta\r'),
(545, 16, 'El cangrejo ermitaño\r'),
(546, 16, 'El cuello y los hombros\r'),
(547, 16, 'El pelo\r'),
(548, 16, 'La cabeza\r'),
(549, 16, 'Piernas, rodillas, pies y dedos\r'),
(550, 16, 'Trenes\r'),
(551, 16, 'El arroz\r'),
(552, 16, 'El frijol\r'),
(553, 16, 'El plátano\r'),
(554, 16, 'La naranja\r'),
(555, 16, 'Naves espaciales\r'),
(556, 16, 'Ciencias\r'),
(557, 16, 'Ciencias\r'),
(558, 16, 'Animales Fascinantes y horribles. La asombrosa ara'),
(559, 16, '¿Qué es el cielo?\r'),
(560, 16, '¿Qué es un bosque?\r'),
(561, 16, '¿Qué es un río?\r'),
(562, 16, 'El mundo que nos rodea ¿Qué es un océano?\r'),
(563, 16, 'Enciclopedia de la vida\r'),
(564, 16, 'Enciclopedia de la auditoria tomo 1\r'),
(565, 16, 'Enciclopedia de la auditoria tomo 2\r'),
(566, 16, 'Enciclopedia de la auditoria tomo 3\r'),
(567, 16, 'Enciclopedia de la auditoria tomo 4\r'),
(568, 16, 'Alimentos blancos\r'),
(569, 16, 'Alimentos verdes\r'),
(570, 16, 'Calentar\r'),
(571, 16, 'Deslizar\r'),
(572, 16, 'Empujar\r'),
(573, 16, 'Enfriar\r'),
(574, 16, 'Invierno\r'),
(575, 16, 'La langosta\r'),
(576, 16, 'Las flores\r'),
(577, 16, 'Mezclar\r'),
(578, 16, 'Otoño\r'),
(579, 16, 'Rodar\r'),
(580, 16, 'Tirar\r'),
(581, 16, 'Primavera\r'),
(582, 16, 'Verano\r'),
(583, 16, '100 cosas que debes saber sobre. El planeta tierra'),
(584, 16, 'Los Clásicos: Diálogos Socráticos\r'),
(585, 16, 'Los exploradores de National Geographic. El Clima\r'),
(586, 16, '100 cosas que debes saber sobre. El cuerpo humano\r'),
(587, 16, '100 cosas que debes saber sobre. La ciencia\r'),
(588, 16, 'Los Clásicos: Vida de los doce Césares\r'),
(589, 16, 'Enciclopedia Combi Visual Tomo I\r'),
(590, 16, 'Enciclopedia Combi Visual Tomo II\r'),
(591, 16, 'Enciclopedia Combi Visual Tomo III\r'),
(592, 16, 'Enciclopedia Combi Visual Tomo IV\r'),
(593, 16, 'Enciclopedia Combi Visual Tomo V\r'),
(594, 16, 'Los exploradores de National Geographic. Rocas y m'),
(595, 16, '¿Qué necesitan los seres vivos? Aire\r'),
(596, 16, 'Enciclopedia Barsa Tomo 1\r'),
(597, 16, 'Enciclopedia Barsa Tomo 10\r'),
(598, 16, 'Enciclopedia Barsa Tomo 11\r'),
(599, 16, 'Enciclopedia Barsa Tomo 12\r'),
(600, 16, 'Enciclopedia Barsa Tomo 13\r'),
(601, 16, 'Enciclopedia Barsa Tomo 14\r'),
(602, 16, 'Enciclopedia Barsa Tomo 15\r'),
(603, 16, 'Enciclopedia Barsa Tomo 16\r'),
(604, 16, 'Enciclopedia Barsa Tomo 2\r'),
(605, 16, 'Enciclopedia Barsa Tomo 3\r'),
(606, 16, 'Enciclopedia Barsa Tomo 4\r'),
(607, 16, 'Enciclopedia Barsa Tomo 5\r'),
(608, 16, 'Enciclopedia Barsa Tomo 6\r'),
(609, 16, 'Enciclopedia Barsa Tomo 7\r'),
(610, 16, 'Enciclopedia Barsa Tomo 8\r'),
(611, 16, 'Enciclopedia Barsa Tomo 9\r'),
(612, 16, 'Los Clásicos: Comedias\r'),
(613, 16, 'Los Clásicos: Tragedias\r'),
(614, 16, 'Recopilación de argumentos de obras literarias\r'),
(615, 5, 'Educando en las virtudes (Primaria Básica)\r'),
(616, 5, 'Educando en las virtudes (Secundaria)\r'),
(617, 5, 'Estudios Sociales (Tercer grado)\r'),
(618, 5, 'Nuestra Tierra 2\r'),
(619, 5, '¿Iguales?, ¿diferentes?\r'),
(620, 5, 'Estudios Sociales 6\r'),
(621, 5, 'Estudios Sociales y cívica bachillerato 2\r'),
(622, 5, 'Estudios Sociales y cívica tercer ciclo 8\r'),
(623, 5, 'Estudios sociales primaria 6\r'),
(624, 5, 'Conozcamos Nuestra Patria\r'),
(625, 5, 'Dimensiones de la violencia\r'),
(626, 5, 'Valores morales y cívicos (Tercer ciclo)\r'),
(627, 5, 'Acuerdos de paz de El Salvador\r'),
(628, 5, 'Historia del istmo centraméricano. TOMO II\r'),
(629, 5, 'Libreta de Estudios Sociales 5°\r'),
(630, 5, 'Libreta de Estudios Sociales 6°\r'),
(631, 5, 'Guía didáctica II para seminarios de investigación'),
(632, 5, 'Guía didáctica para seminarios de investigación so'),
(633, 5, 'Estudios Sociales y Cívica I (Primer año de bachil'),
(634, 5, 'Viajemos por América\r'),
(635, 5, 'La minería moderna en El Salvador\r'),
(636, 5, 'Origenes del estado contractual\r'),
(637, 5, 'Construyamos la integración\r'),
(638, 5, 'Derechos y democracia. Cuaderno de trabajo N5\r'),
(639, 5, 'Estudios Sociales y cívica 9° grado\r'),
(640, 5, 'Estudios Sociales y cívica 2° bachillerato\r'),
(641, 5, 'Estudios Sociales y cívica 1° bachillerato\r'),
(642, 5, 'Estudios Sociales y Cívica (Octavo grado)\r'),
(643, 5, 'Estudios Sociales y Cívica (Séptimo grado)\r'),
(644, 5, 'Convención sobre los derechos del niño y protocolo'),
(645, 5, 'Estudios Sociales 2\r'),
(646, 5, 'Estudios Sociales 3\r'),
(647, 5, 'Estudios sociales 1\r'),
(648, 5, 'Estudios Sociales\r'),
(649, 5, 'Estudios Sociales 2\r'),
(650, 5, 'Estudios Sociales 3\r'),
(651, 5, 'Estudios Sociales 5\r'),
(652, 5, 'Estudios Sociales 6\r'),
(653, 5, 'Estudios Sociales y Cívica 7\r'),
(654, 5, 'Estudios Sociales y Cívica 9\r'),
(655, 5, 'Estudios Sociales y Cívica 8\r'),
(656, 5, 'Estudios Sociales y Cívica (Segundo año de Bachill'),
(657, 5, 'Estudios Sociales y Cívica 8\r'),
(658, 5, 'Introducción a las Ciencias Sociales\r'),
(659, 5, 'Geografía Visualizada América Edición Actualizada\r'),
(660, 5, 'Libreta de Estudios Sociales 6°\r'),
(661, 5, 'Estudios Sociales 5\r'),
(662, 5, 'La tierra y sus recursos\r'),
(663, 5, 'La Constitución para los niños\r'),
(664, 5, 'Estudios Sociales y cívica educación media 2\r'),
(665, 5, 'Estudios Sociales 4\r'),
(666, 5, 'Estudios Sociales 5\r'),
(667, 5, 'Estudios Sociales 6\r'),
(668, 5, 'Una historia de la creación del mundo\r'),
(669, 5, 'Don Lito de El Salvador\r'),
(670, 5, 'La tierra que pisas\r'),
(671, 5, 'La cultura pipil de centroamérica\r'),
(672, 5, 'Estudios Sociales (Primer año de bachillerato)\r'),
(673, 5, 'Aztecas: Historia y sociedad\r'),
(674, 5, 'Aztecas: Mito y cultura\r'),
(675, 5, 'Mayas: Historia y sociedad\r'),
(676, 5, 'Mayas: Mitos y cultura\r'),
(677, 5, 'Estudios Sociales y Cívica 7\r'),
(678, 5, 'Geografía de América Central\r'),
(679, 5, 'Estudios Sociales y Cívica (Noveno grado)\r'),
(680, 5, 'Estudios Sociales y Cívica (Séptimo grado)\r'),
(681, 5, 'Migración y niñez salvadoreña\r'),
(682, 5, 'Estudios Sociales (Tercer grado)\r'),
(683, 5, 'Manual de historia centroaméricana\r'),
(684, 5, 'Nuestra Tierra 6\r'),
(685, 5, 'Estudios Sociales 4\r'),
(686, 5, 'Nuestra Tierra 4\r'),
(687, 5, 'Técnica de la enseñanza de la geografía\r'),
(688, 5, 'Guía para la elaboración de trabajos de investigac'),
(689, 5, 'El Salvador: La tierra prometida\r'),
(690, 5, 'Estudios Sociales y Cívica (Octavo grado)\r'),
(691, 5, 'Geografía Universal \r'),
(692, 5, '60 Sociales\r'),
(693, 7, 'Física\r'),
(694, 7, 'Física 2\r'),
(695, 7, 'Física\r'),
(696, 7, 'Física\r'),
(697, 7, 'Física\r'),
(698, 3, 'Historia de América\r'),
(699, 3, 'Historia del antiguo continente\r'),
(700, 3, 'Atlas Geográfico Universal de El Salvador\r'),
(701, 3, 'Atlas Universal Océano\r'),
(702, 3, 'Geografía Visualizada de Universal Edición Actuali'),
(703, 3, 'Geografía Visualizada Universal Edición Revisada\r'),
(704, 3, 'Geografía Visualizada Universal Edición Revisada y'),
(705, 3, 'Gran Atlas Universal 7: Asia y Oceanía 1\r'),
(706, 3, 'Gran Atlas Universal: África\r'),
(707, 3, 'Gran Atlas Universal: América del Norte y el Carib'),
(708, 3, 'Gran Atlas Universal: América del Sur. Central y l'),
(709, 3, 'Gran Atlas Universal: Asia y Oceanía 2\r'),
(710, 3, 'Atlas del Mundo\r'),
(711, 3, 'Biblioteca Temática Escolar: El mundo del siglo XX'),
(712, 3, 'Biblioteca Temática Escolar: Tierra y Universo\r'),
(713, 3, 'El conflicto en El Salvador\r'),
(714, 3, 'Historia mínima de México\r'),
(715, 3, 'Grecia. Atenas. Atica\r'),
(716, 3, 'La historia de los mapas\r'),
(717, 3, 'Mundo Antiguo: Aventuras a través del tiempo\r'),
(718, 3, 'Homenaje a Maritain\r'),
(719, 3, 'Reseña de la historia de los Estados Unidos\r'),
(720, 3, 'Viajemos por el mundo\r'),
(721, 3, 'Colección salvadoreña Tomo I\r'),
(722, 3, 'Geografía Universal Americana 2\r'),
(723, 3, 'Historia de Centroamérica\r'),
(724, 13, 'Spanish\r'),
(725, 13, 'Mi primer diccionario de inglés\r'),
(726, 13, 'People Together\r'),
(727, 13, 'Diviértete Leyendo\r'),
(728, 13, 'Mi papá es estupendo\r'),
(729, 13, 'El mundo mágico del inglés (g - k)\r'),
(730, 13, 'El mundo mágico del inglés (l - o)\r'),
(731, 13, 'El mundo mágico del inglés (p - s)\r'),
(732, 13, 'El mundo mágico del inglés (t - z)\r'),
(733, 13, 'LeapPad \r'),
(734, 13, 'Little Smarties\r'),
(735, 13, 'English Basics - Book three 3\r'),
(736, 13, 'In Contact 2\r'),
(737, 13, 'In Contact 2 (workbook)\r'),
(738, 13, 'Math: The write way\r'),
(739, 13, 'Postcards \r'),
(740, 13, 'New Interchange (Workbook 2)\r'),
(741, 13, 'Time to learn English Seventh\r'),
(742, 13, 'Cool kids\r'),
(743, 13, 'Zoom in special\r'),
(744, 13, 'My mom\r'),
(745, 13, 'Lighthouse 1\r'),
(746, 13, 'The hunchback of Notredame\r'),
(747, 13, 'Ingles Universitario\r'),
(748, 13, 'Everything 3a\r'),
(749, 13, 'Everything 3\r'),
(750, 13, 'Everrything 2\r'),
(751, 13, 'Everrything 2b\r'),
(752, 4, 'El museo de cosas chiquitas\r'),
(753, 4, '¡Vamos al mercado!\r'),
(754, 4, 'La herencia del hada\r'),
(755, 4, 'El jardín de infantes: ingreso y adaptación\r'),
(756, 4, 'El pequeño ciudadano. Compartir y Respetar\r'),
(757, 4, 'El amigo nuevo\r'),
(758, 4, 'El extranjero\r'),
(759, 4, 'Libro primero de las cosas raras\r'),
(760, 4, 'Cuadernos Masferrerianos N° 7\r'),
(761, 4, 'Cuadernos Masferrerianos N° 2\r'),
(762, 4, 'Cuadernos Masferrerianos N° 3\r'),
(763, 4, 'Cuadernos Masferrerianos N° 5\r'),
(764, 4, 'Los tios del quinto infierno\r'),
(765, 4, 'Con mis amigos\r'),
(766, 4, 'Saltamontes y Hormiga\r'),
(767, 4, 'Los tres mosqueteros\r'),
(768, 4, 'El sueño de xelá\r'),
(769, 4, '¿Dónde está mi tesoro?\r'),
(770, 4, 'Apareció en mi ventana\r'),
(771, 4, 'El negocio de papá\r'),
(772, 4, '¡Qué Ruido!\r'),
(773, 4, 'Amiguitos vamos todos a cantar\r'),
(774, 4, 'La hormiguita cantora y el duende melodía\r'),
(775, 4, 'El tigre en la vitrina\r'),
(776, 4, 'La moneda de oro\r'),
(777, 4, 'La jaula dorada\r'),
(778, 4, 'Rosa alada\r'),
(779, 4, 'La lagartija y el sol\r'),
(780, 4, 'Una extraña visita\r'),
(781, 4, ' ¡A jugar! El jardín de Jacobo\r'),
(782, 4, 'Keko de Japón\r'),
(783, 4, 'Clara en el campo\r'),
(784, 4, 'La sorpresa de Ada y Pablo\r'),
(785, 4, 'Niña Bonita\r'),
(786, 4, 'No me gusta el fútbol\r'),
(787, 4, 'El señor sol y el señor mar\r'),
(788, 4, 'The prince of Egypt\r'),
(789, 4, 'Conejo Agricultor\r'),
(790, 4, 'La isla de Sofía\r'),
(791, 4, 'Aladino\r'),
(792, 4, 'Los domingos por la mañana\r'),
(793, 4, 'Mi abuelo era un cerezo\r'),
(794, 4, 'Francisco y el lobo\r'),
(795, 4, 'Un osito en la basura\r'),
(796, 4, 'El lugar más bonito del mundo\r'),
(797, 4, 'Paula carrera, la picotera\r'),
(798, 4, 'El melodrama de los primos\r'),
(799, 4, 'La increíble historia de la niña pájaro y el niño '),
(800, 4, 'Caminos sin nombre\r'),
(801, 4, 'La cosecha sorpresiva\r'),
(802, 4, 'La bufanda roja\r'),
(803, 4, 'Sissi Una princesa traviesa y romántica\r'),
(804, 4, 'Toribio y el sombrero mágico\r'),
(805, 4, 'El cid\r'),
(806, 4, 'Cambios\r'),
(807, 4, 'Los tres osos\r'),
(808, 4, 'Humo\r'),
(809, 4, 'Isla de oro \r'),
(810, 4, 'Enciclopedia temática educativa\r'),
(811, 4, 'Disruta tu libertad y otras corazonadas\r'),
(812, 4, 'Las junteras / Las nubes / Las avispas\r'),
(813, 4, 'La promesa\r'),
(814, 4, 'Sherlock Holmes\r'),
(815, 4, 'Abuela \r'),
(816, 4, 'La casa adormecida\r'),
(817, 4, 'Los patos no se mojan\r'),
(818, 4, 'Los juegos de Carolina y Gaspar\r'),
(819, 4, 'Antes del cáculo\r'),
(820, 4, 'El mundo secreto de los números \r'),
(821, 4, 'Soy un gran científico\r'),
(822, 4, 'La pimpinela escarlata\r'),
(823, 4, 'Muna\r'),
(824, 4, 'Invéntame un cuento\r'),
(825, 4, 'Un espía llamado Sara\r'),
(826, 4, 'Los títeres Coleccion piñata\r'),
(827, 4, 'Querido señor Henshaw\r'),
(828, 4, 'El diente suelto de Carlitos\r'),
(829, 4, 'Cómo enseñar la vida al niño a través de los cuent'),
(830, 4, '¡No es justo!\r'),
(831, 4, 'Estoy aburrido\r'),
(832, 4, 'El invierno\r'),
(833, 4, 'Las orejas del niño Raúl \r'),
(834, 4, 'Los quetzales\r'),
(835, 4, 'Grafología\r'),
(836, 4, 'Globalización de la enseñanza\r'),
(837, 4, 'El gallo de garrido \r'),
(838, 4, 'El rugido de la leona \r'),
(839, 4, 'Platero y Juan Ramón\r'),
(840, 4, 'Entre ella y yo\r'),
(841, 4, 'Las ballenas cautivas\r'),
(842, 4, 'Misión verde: ¡Salva tu planeta!\r'),
(843, 4, 'Destino de colibrì\r'),
(844, 4, 'El rey Mocho\r'),
(845, 4, 'Los cuentos de mi tía Panchita\r'),
(846, 4, 'El no de Marina\r'),
(847, 4, 'Liliana Bruja urbana\r'),
(848, 4, 'El chinito y el drgón volador\r'),
(849, 4, 'Rachel Carson\r'),
(850, 4, 'La escuela encantada\r'),
(851, 4, 'Punto y reímos \r'),
(852, 4, 'Romeo, el ratoncito romántico\r'),
(853, 4, '¡Seré mariachi!\r'),
(854, 4, 'Peter Pan y los cuentos de la casita de chocolate '),
(855, 4, 'El caso del heredero secuestrado\r'),
(856, 4, 'Un sombrero para el sol\r'),
(857, 4, 'Teresa la presidenta\r'),
(858, 4, 'Vuela, vuela, Isabela\r'),
(859, 4, 'Viejecitas\r'),
(860, 4, '¿Dónde está osito?\r'),
(861, 4, 'El abuelo misterioso\r'),
(862, 4, 'Piruleta\r'),
(863, 4, 'Catarro a la pimienta (y otras historias de Franz)'),
(864, 4, 'Juan, Julia y Jericó\r'),
(865, 4, 'Federica la pelirroja\r'),
(866, 4, 'Konrad o el niño que salió de una lata\r'),
(867, 4, 'Refranes, bombas y dichos\r'),
(868, 4, '456 Adivinanzas\r'),
(869, 4, 'Cesar Chávez\r'),
(870, 4, 'El niño que buscaba a ayer\r'),
(871, 4, 'Lenguaje y literatura tercer ciclo 8\r'),
(872, 4, 'Lenguaje y literatura bachillerato 2\r'),
(873, 4, 'Los jardines de infantes\r'),
(874, 4, 'Sol-So-Brisol Coleccion Joaquín\r'),
(875, 4, 'Rataplan\r'),
(876, 4, 'Nube escuela\r'),
(877, 4, 'Y hablaron los animales (Fábulas)\r'),
(878, 4, 'Juguemos a contar cuentos\r'),
(879, 4, 'Simples costumbres\r'),
(880, 4, 'Lenguaje y Literatura 8\r'),
(881, 4, '¡Pero que chicas tan malas!\r'),
(882, 4, 'Tecumseh\r'),
(883, 4, 'Rosaura en bicicleta\r'),
(884, 4, 'Crusoe\r'),
(885, 4, '¡Increíble Kamo!\r'),
(886, 4, 'Kamo y yo\r'),
(887, 4, 'El capitán calzoncillos y el ataque de los retrete'),
(888, 4, 'El árbol de todos\r'),
(889, 4, 'La piedra de sangre\r'),
(890, 4, 'Iba a ser solo una broma\r'),
(891, 4, 'Tú no existes\r'),
(892, 4, '¿Que pasaria si...?\r'),
(893, 4, 'El elefante cómo nacen los mamíferos\r'),
(894, 4, 'Los abejorros\r'),
(895, 4, 'Todos a dormir\r'),
(896, 4, 'Don buho el dormilón N° 5\r'),
(897, 4, 'Biblioteca Temática Escolar: Lengua, gramática fác'),
(898, 4, 'Cristobal Colón El descubrimiento de América\r'),
(899, 4, 'La lechera\r'),
(900, 4, ' Juan y las judías magicas\r'),
(901, 4, 'La liebre y la tortuga\r'),
(902, 4, 'Ricitos de oro\r'),
(903, 4, 'Animalitos del bosque\r'),
(904, 4, 'El primo de pipo el conejo\r'),
(905, 4, 'Los conejitos descubren el río\r'),
(906, 4, 'Amadeus está feliz\r'),
(907, 4, 'El cumpleaños de Ofelia\r'),
(908, 4, 'Farizada, sonrisa de rosa\r'),
(909, 4, 'Alicia en el país de las maravillas\r'),
(910, 4, '¡Hola me llamo Lucía!\r'),
(911, 4, 'Mis cuentos de hadas vol. 5\r'),
(912, 4, 'En los cuentos hay, números\r'),
(913, 4, 'Barcos, barcos, barcos\r'),
(914, 4, '¿Dónde está el error?\r'),
(915, 4, 'La biblia de los niños\r'),
(916, 4, 'El flautista de Hamelín\r'),
(917, 4, 'La familia y sus amigos\r'),
(918, 4, 'El pajaro loco\r'),
(919, 4, 'Archie\r'),
(920, 4, 'Fábulas para leer para niños\r'),
(921, 4, 'Cuentos magnificos\r'),
(922, 4, 'Grandes relatos\r'),
(923, 4, 'Pictogramas El canguro solidario\r'),
(924, 4, ' Robin Hood\r'),
(925, 4, 'Una viejita que yo conocía\r'),
(926, 4, 'El circo\r'),
(927, 4, 'Secretos del mundo animal: El canguro\r'),
(928, 4, 'Política Nacional de protección integral de la niñ'),
(929, 4, 'Lengua: Primaria-Segundo Ciclo 4\r'),
(930, 4, 'Sonidos y símbolos\r'),
(931, 4, 'Lasy los siete cabritos\r'),
(932, 4, 'Harvey Angel y la niña fantasma\r'),
(933, 4, 'Roberto Clemente Atleta y Heroe\r'),
(934, 4, 'Los cuentos de pueblo\r'),
(935, 4, 'Osito\r'),
(936, 4, 'El mar\r'),
(937, 4, '¡Hurra! Susanita ya tiene dientes\r'),
(938, 4, 'Yo y mi hermana Clara\r'),
(939, 4, 'Lenguaje Sexto Grado\r'),
(940, 4, 'Corazón de niño\r'),
(941, 4, 'Corduroy\r'),
(942, 4, 'Abraham Lincoln Abogado, líder, leyenda.\r'),
(943, 4, 'El único e impresionante sapo toro y otras criatur'),
(944, 4, 'Una selva sin Jaguar\r'),
(945, 4, 'Armando y la escuela de lona azul\r'),
(946, 4, 'Poesías recitables para niños\r'),
(947, 4, 'Rimas, Canciones y más.\r'),
(948, 4, 'Corazón, diario de un niño.\r'),
(949, 4, 'Ha nacido un libro\r'),
(950, 4, '¿Y si pasa noviembre sin tus ojos?\r'),
(951, 4, 'La fiesta de Fifí\r'),
(952, 4, 'La diosa de la luna\r'),
(953, 4, 'En la maleta vivía un poeta\r'),
(954, 4, 'Pipo el pelícano pirata\r'),
(955, 4, 'Los siete navegantes\r'),
(956, 4, '"""Barranco"" el rebelde"\r'),
(957, 4, 'La cartita que viajo en jet\r'),
(958, 4, 'La cosquilla\r'),
(959, 4, 'Anastasio está en las nubes\r'),
(960, 4, 'El clavo que quiso ser tortillo\r'),
(961, 4, 'Manual de ortografía de la lengua española\r'),
(962, 4, 'Un barco cargado de cuentos\r'),
(963, 4, 'Diccionario ilustrado El mundo (a-heredad)\r'),
(964, 4, 'Diccionario ilustrado El mundo (heredar-zutano)\r'),
(965, 4, 'Robin Hood\r'),
(966, 4, 'Robin Hood\r'),
(967, 4, 'Josefina y la colcha de retazos\r'),
(968, 4, 'Sadako y las mil grullas de papel\r'),
(969, 4, 'El secreto del sauce\r'),
(970, 4, 'Sueña\r'),
(971, 4, 'La real historia de la gallina nina\r'),
(972, 4, 'El niño envuelto\r'),
(973, 4, 'Historias para doblar\r'),
(974, 4, 'Renco y el tesoro \r'),
(975, 4, 'Sandokán\r'),
(976, 4, 'Sandokán\r'),
(977, 4, 'El mago vago\r'),
(978, 4, 'Isla con sol poesia en la escuela\r'),
(979, 4, 'El soldadito de plomo\r'),
(980, 4, 'Lápiz y papel 2\r'),
(981, 4, 'Lápiz y papel 3\r'),
(982, 4, 'Lápiz y papel 5\r'),
(983, 4, 'Fangoso\r'),
(984, 4, 'Mucho más cuento\r'),
(985, 4, 'Cuentos a caballo\r'),
(986, 4, 'La caverna encantada\r'),
(987, 4, 'Lengua 3\r'),
(988, 4, 'Los niños quieren la guerra\r'),
(989, 4, 'El Cuervo Astuto\r'),
(990, 4, 'Historias del popol vuh\r'),
(991, 4, 'Los tres cosmonautas\r'),
(992, 4, 'Un sueño hecho realidad\r'),
(993, 4, 'El veintitrés un día especial\r'),
(994, 4, 'La camada amiga\r'),
(995, 4, 'Hoy ha nacido un príncipe\r'),
(996, 4, 'Tres deseos\r'),
(997, 4, 'En sueños puedo volar\r'),
(998, 4, 'Lenguaje y Literatura 9\r'),
(999, 4, 'Yo conozco el lenguaje de los animales\r'),
(1000, 4, 'La redacción\r'),
(1001, 4, 'El gran Gatsby\r'),
(1002, 4, 'La bella y la bestia\r'),
(1003, 4, 'Mapache y lagarto dan una caminata\r'),
(1004, 4, 'Números\r'),
(1005, 4, 'Sentimientos \r'),
(1006, 4, 'Fábulas de Samaniego\r'),
(1007, 4, 'Fábula de Puck, vendedor ambulante\r'),
(1008, 4, 'El arco iris , Los pájaros\r'),
(1009, 4, 'Mini miedos divertidos. El malvado sacamuelas\r'),
(1010, 4, '¡Un perro en el piso!\r'),
(1011, 4, '¿Por qué yo? Aprender a usar la voluntad\r'),
(1012, 4, 'Lenguaje y Literatura 7°\r'),
(1013, 4, 'Lenguaje y Literatura 8°\r'),
(1014, 4, 'Lenguaje y Literatura 9°\r'),
(1015, 4, 'Caminito de la escuela\r'),
(1016, 4, 'A golpe de calcetín \r'),
(1017, 4, 'Mario y Diego hicieron parar los carros\r'),
(1018, 4, 'Planeamiento y conducción de la enseñanza\r'),
(1019, 4, 'Guillermo Tell\r'),
(1020, 4, 'La historia de Jesús hijo de María\r'),
(1021, 4, 'Elementos de geometría\r'),
(1022, 4, 'La hojarasca\r'),
(1023, 4, 'Textos para leer 1\r'),
(1024, 4, 'Narraciones fantásticas\r'),
(1025, 4, 'El gato de bigote\r'),
(1026, 4, 'Una bicicleta ppara Plácido\r'),
(1027, 4, 'Habemus papam!\r'),
(1028, 4, 'Arañas\r'),
(1029, 4, 'Querido yo\r'),
(1030, 4, 'La tortilleria\r'),
(1031, 4, 'La cucarachita Martina\r'),
(1032, 4, '¡Vamos a bailar!\r'),
(1033, 4, 'La novia de mi hermano\r'),
(1034, 4, 'Los traspiés de Alicia Paf\r'),
(1035, 4, 'El señor patapum\r'),
(1036, 4, 'La cabaña en el árbol\r'),
(1037, 4, '¡Fiesta!\r'),
(1038, 4, 'La otra cara del sol\r'),
(1039, 4, 'Huevos de pascua\r'),
(1040, 4, 'Barbapedro y otras personas\r'),
(1041, 4, 'Monstruos de visita\r'),
(1042, 4, 'Una bruja casi perfecta\r'),
(1043, 4, 'La llave verde\r'),
(1044, 4, 'Redacción práctica: el estilo personal del redacto'),
(1045, 4, 'El libro de quizás, quíen sabe cómo,cuándo y por q'),
(1046, 4, 'Los métodos en pedagogía\r'),
(1047, 4, 'Pulgarcilla\r'),
(1048, 4, 'La máquina del tiempo\r'),
(1049, 4, 'La máquina del tiempo\r'),
(1050, 4, 'Tierras de Centroamérica Lecturas 4\r'),
(1051, 4, '¡Una sorpresa!\r'),
(1052, 4, '"Volar en un globo ""Elevaniños"""\r'),
(1053, 4, 'Un ángel de navidad\r'),
(1054, 4, 'El porquerizo\r'),
(1055, 4, 'El árbol de Navidad\r'),
(1056, 4, 'Yo siempre te querré\r'),
(1057, 4, 'La mochila de Lin\r'),
(1058, 4, 'La cabalgata de Paul Revere \r'),
(1059, 4, 'El banco de las leyendas \r'),
(1060, 4, 'Moisés\r'),
(1061, 4, 'Cinco dias de agosto\r'),
(1062, 4, 'Pepín y el abuelo\r'),
(1063, 4, 'El rey Arturo\r'),
(1064, 4, 'El rey Arturo\r'),
(1065, 4, 'Un invierno equivocado\r'),
(1066, 4, 'La cama grande de la abuela \r'),
(1067, 4, 'Putos cuentos\r'),
(1068, 4, 'Historia verdadera de una princesa\r'),
(1069, 4, 'El gavilán Audaz\r'),
(1070, 4, '¿Dónde está Topito?\r'),
(1071, 4, 'Ley de protección integral de la niñez y adolescen'),
(1072, 4, 'Don Salomón y la peluquera\r'),
(1073, 4, 'Mis 130 apellidos\r'),
(1074, 4, 'Fue el guepardo\r'),
(1075, 4, 'Cumbre Lectora H\r'),
(1076, 4, 'Cumbre Lectora I\r'),
(1077, 4, 'El caracol de las mariposas\r'),
(1078, 4, 'Primaria 2\r'),
(1079, 4, '1 primaria libro de trabajo\r'),
(1080, 4, 'Silabario abrapalabra\r'),
(1081, 4, 'Chiguiro, Abo y Ata\r'),
(1082, 4, '¡No, no fui yo!\r'),
(1083, 4, 'Torta de cumpleaños\r'),
(1084, 4, 'El papagayo azul\r'),
(1085, 4, 'Avelina toca de maravillas\r'),
(1086, 4, 'Un jardín para jugar\r'),
(1087, 4, 'La risa contagiosa\r'),
(1088, 4, 'Emiliano \r'),
(1089, 4, 'El caballero de bronce y la esposa de mar \r'),
(1090, 4, 'Cabalgata de números , para aprender a contar con '),
(1091, 4, '¡Tomates, California!\r'),
(1092, 4, 'El tío Willibrord\r'),
(1093, 4, '¿Qué hora es?\r'),
(1094, 4, '"Operación ""Fuga de cerebros"""\r'),
(1095, 4, 'Soy un oso grande y hermoso\r'),
(1096, 4, 'Leamos lo nuestro\r'),
(1097, 4, 'Ortografía\r'),
(1098, 4, 'Los pájaros\r'),
(1099, 4, 'Cuando mis padres dejaron de ser amigos\r'),
(1100, 4, 'Diccionario estrafalario\r'),
(1101, 4, 'El deseo de cumpleaños de Luisa\r'),
(1102, 4, 'El rompecabezas de la isla Esmeralda\r'),
(1103, 4, '¡Por favor! ¡Gracias!\r'),
(1104, 4, 'El agujero de las cosas perdidas\r'),
(1105, 4, 'Composición\r'),
(1106, 4, '¡Que horror ser un gladiador romano!\r'),
(1107, 4, 'La fabrica de nubes\r'),
(1108, 4, 'La palabra más hermosa\r'),
(1109, 4, 'La fiesta de las tortillas\r'),
(1110, 4, 'Español 1\r'),
(1111, 4, 'Español 3\r'),
(1112, 4, 'Lenguaje 6\r'),
(1113, 4, 'Lenguaje y Literatura 2° de Bachillerato\r'),
(1114, 4, 'Lenguaje 3\r'),
(1115, 4, 'Semillas de la arquitectura\r'),
(1116, 4, 'El maestro y el robot\r'),
(1117, 4, 'Danko,el caballo que conocía las estrellas\r'),
(1118, 4, 'Gramática Ilustrada\r'),
(1119, 4, 'Español 5\r'),
(1120, 4, 'Ritos de primavera\r'),
(1121, 4, 'Cucho \r'),
(1122, 4, '¿Quién era Cristobal Colón?\r'),
(1123, 4, 'Reunión bajo la ceiba\r'),
(1124, 4, 'Ronda la ronda\r'),
(1125, 4, 'Letras 1° de Bachillerato\r'),
(1126, 4, 'Letras 2° de Bachillerato\r'),
(1127, 4, 'Letras 3\r'),
(1128, 4, 'Historias de Sergio\r'),
(1129, 4, 'La pulga de San José\r'),
(1130, 4, 'Gracias por la miel\r'),
(1131, 4, 'Mariquilla la pelá y otros cuentos\r'),
(1132, 4, 'El pequeño Pim y la mariposa azul\r'),
(1133, 4, 'Fray Perico en la guerra\r'),
(1134, 4, 'El té de tornillo del profesor Zíper\r'),
(1135, 4, 'Mono, el mago\r'),
(1136, 4, 'Día de gotas\r'),
(1137, 4, 'Maui pesca Hawai\r'),
(1138, 4, 'Cómo descubrío el hombre que el planeta se estaba '),
(1139, 4, 'Nuestra planta\r'),
(1140, 4, 'Veinte mil leguas de viaje submarino\r'),
(1141, 4, 'Veinte mil leguas de viaje submarino\r'),
(1142, 4, 'Lisa y el gato sin nombre\r'),
(1143, 4, 'El cachorro de Reina\r'),
(1144, 4, 'Yo también puedo\r'),
(1145, 4, 'Lenguaje y Literatura 6°\r'),
(1146, 4, 'Jackie mitchell , jugadora de béisbol\r'),
(1147, 4, 'El beisbol nos salvó\r'),
(1148, 4, 'Todo cambió con Jakob\r'),
(1149, 4, 'Perro de cristal\r'),
(1150, 4, 'Castellano 3\r'),
(1151, 4, 'Una amiga de lo mas especial\r'),
(1152, 4, 'Xavier y Ximena\r'),
(1153, 4, 'Los ojos de la fantasia\r'),
(1154, 4, '¡Ojo, Ojito!\r'),
(1155, 4, 'En Moto\r'),
(1156, 4, '¡Que Empacho!\r'),
(1157, 4, 'La Luna\r'),
(1158, 4, 'El Tesoro\r'),
(1159, 4, 'El Cocuyo\r'),
(1160, 4, 'Lluvia por aquí\r'),
(1161, 4, '¿Niños o dragones?\r'),
(1162, 4, 'No tengas verguenza\r'),
(1163, 4, 'El zorro y las uvas\r'),
(1164, 4, '¿Cómo se hacen las telarañas?\r'),
(1165, 4, 'Animales fabulosos\r'),
(1166, 4, '¿Quién pasó por aquí?\r'),
(1167, 4, 'veo, veo ¿Qué veo ? Cuento de nunca acabar\r'),
(1168, 4, 'Pinta, pinta Gregorita\r'),
(1169, 4, 'Pantalones cortos\r'),
(1170, 4, 'Larousse Preescolar\r'),
(1171, 4, 'Nuestra Lengua 2\r'),
(1172, 4, 'Qué bello es leer los mejores cuentos clásicos\r'),
(1173, 4, 'Mariposa\r'),
(1174, 4, 'Pajaros en la cabeza\r'),
(1175, 4, 'El coleccionista de relojes extranjeros\r'),
(1176, 4, 'Pasitos Poemas para niños\r'),
(1177, 4, 'Hojas mágicas volumen 2\r'),
(1178, 4, 'Las gallinas de la señora sato\r'),
(1179, 4, 'El baile de las memorias\r'),
(1180, 4, 'Una serie de catastróficas desdichas\r'),
(1181, 4, 'La mosca sabia y otros cuentos\r'),
(1182, 4, 'El misterios del islote\r'),
(1183, 4, 'Aventura en el arco iris\r'),
(1184, 4, 'Alzak y los magos\r'),
(1185, 4, 'El sancocho del sábado\r'),
(1186, 4, 'Fábulas animadas\r'),
(1187, 4, 'Ozonita un sueño en el espacio\r'),
(1188, 4, 'Me gustan los libros de cuentos\r'),
(1189, 4, 'Ayudemos a nuestros niños en sus dificultades esco'),
(1190, 4, 'Un día en la vida de un bombero\r'),
(1191, 4, 'El camino de amelia\r'),
(1192, 4, 'Helena ayuda hacer la cena\r'),
(1193, 4, '¿Dónde está Eduardo?\r'),
(1194, 4, 'Ayudo a mi abuelita\r'),
(1195, 4, 'El venado\r'),
(1196, 4, 'El correcaminos\r'),
(1197, 4, 'Pares del cuerpo\r'),
(1198, 4, 'Hoyos\r'),
(1199, 4, 'Buscando a Nemo (Primeras Palabras)\r'),
(1200, 4, 'Dragón rojo\r'),
(1201, 4, 'Fantasmas de día\r'),
(1202, 4, 'Los oceanos\r'),
(1203, 4, 'Una ballena entre las olas\r'),
(1204, 4, 'Éres único\r'),
(1205, 4, 'Madeline\r'),
(1206, 4, 'Portafolio para formar lectores y escritores\r'),
(1207, 4, 'Gracias a Johannes\r'),
(1208, 4, 'Natacha\r'),
(1209, 4, '¡Padrísimo, Natacha!\r'),
(1210, 4, 'Te amo, lectura (Natacha)\r'),
(1211, 4, 'Letras 1\r'),
(1212, 4, 'Literatura Antigua\r'),
(1213, 4, 'Cajita de sorpresas: Literatura infantil\r'),
(1214, 4, 'Yo soy el durazno\r'),
(1215, 4, 'Zalgum\r'),
(1216, 4, 'Otrariana\r'),
(1217, 4, 'Angelica\r'),
(1218, 4, 'Maya Lin arquitecta\r'),
(1219, 4, 'Proyecto de activación de la inteligencia\r'),
(1220, 4, 'Caracola\r'),
(1221, 4, 'Erase una rima\r'),
(1222, 4, 'Matemáticas\r'),
(1223, 4, 'Lengua y literatura\r'),
(1224, 4, 'Un problema difícil\r'),
(1225, 4, 'La niña que odiaba los libros\r'),
(1226, 4, 'El agua de la vida\r'),
(1227, 4, 'La tienda mágica\r'),
(1228, 4, 'Animales de granja. En la punta de sus dedos\r'),
(1229, 4, 'El jardin del señor Hobson\r'),
(1230, 4, 'Cómo hacer animales de papel\r'),
(1231, 4, 'Matemáticas tercer curso\r');
INSERT INTO `libro` (`idLibro`, `idCategoria`, `titulo`) VALUES
(1232, 4, 'Sopa de piedras\r'),
(1233, 4, 'Lecturas Literarias 8° grado\r'),
(1234, 4, '¿Porqué los colores son tán coloridos?\r'),
(1235, 4, 'El cacahuate\r'),
(1236, 4, 'El secuestro de la bibliotecaria\r'),
(1237, 4, 'Mis cinco sentidos\r'),
(1238, 4, 'Una cola Especial\r'),
(1239, 4, 'El conejo de felpa\r'),
(1240, 4, 'Las paredes hablan\r'),
(1241, 4, 'Una zorra vive aquí\r'),
(1242, 4, 'Bruno quiere omer burritos\r'),
(1243, 4, 'Español 7\r'),
(1244, 4, 'Textos Selectos para secundaria 1\r'),
(1245, 4, 'Tú, tu vida y tus sueños . Un manual para gente jo'),
(1246, 4, 'El kindergarten cómo parte de la escuela elemental'),
(1247, 4, 'La hija del espantapájaros\r'),
(1248, 4, 'La balanza de Don Nicolás Sandoval\r'),
(1249, 4, 'Cuentos de Grimm\r'),
(1250, 4, 'Un verano en el lago Zafiro\r'),
(1251, 4, 'Un hatillo de cerezas\r'),
(1252, 4, 'El oído\r'),
(1253, 4, 'El caballo de Chuang Tzu\r'),
(1254, 4, '¡Que desastre de cuarto!\r'),
(1255, 4, 'Azucena azul \r'),
(1256, 4, 'Un año en duendilandia\r'),
(1257, 4, '7 días 7 historias\r'),
(1258, 4, 'Mis primeros cuadros\r'),
(1259, 4, 'Cipi\r'),
(1260, 4, 'Cocorico\r'),
(1261, 4, 'Calambur 4\r'),
(1262, 4, 'El principe y el mendigo\r'),
(1263, 4, 'Los peces no comen nueces\r'),
(1264, 4, 'Lenguaje y Literatura 2° de Bachillerato\r'),
(1265, 4, 'El ingeniero Electrónico\r'),
(1266, 4, 'Si camino por la ciudad..\r'),
(1267, 4, 'El niño Bach\r'),
(1268, 4, 'Lenguaje 6°\r'),
(1269, 4, 'Biografías Hispanoamericanas: Judy Baca\r'),
(1270, 4, 'Biografías Hispanoamericanas: Roberto Clemente\r'),
(1271, 4, 'Biografías Hispanoamericanas: Tito Puente\r'),
(1272, 4, 'Rey Leon Grandes amigos\r'),
(1273, 4, 'Un tigre dientes de sable en el ocaso\r'),
(1274, 4, 'Dinosaurios al atardecer\r'),
(1275, 4, 'Tigres al anochecer\r'),
(1276, 4, 'Vacaciones al pie de un volcán\r'),
(1277, 4, 'Paseo de año nuevo\r'),
(1278, 4, '¡Un profesor extraordinario!\r'),
(1279, 4, 'El oso fabuloso\r'),
(1280, 4, 'La canción más bonita\r'),
(1281, 4, 'Mis colores, mi mundo\r'),
(1282, 4, 'Lectura\r'),
(1283, 4, '¡A girar girasol!\r'),
(1284, 4, '¡A navegar!\r'),
(1285, 4, 'Naranja dulce\r'),
(1286, 4, 'Los derechos del niño\r'),
(1287, 4, 'La fuente de agua buena\r'),
(1288, 4, 'Un sábado en el átíco\r'),
(1289, 4, 'La drámatica prueba de Francisco\r'),
(1290, 4, 'Kirikú y el fetiche extraviado\r'),
(1291, 4, 'Kirikú y la jirafa\r'),
(1292, 4, 'Los cuentos del cuyito\r'),
(1293, 4, 'El cumpleaños de Irma\r'),
(1294, 4, 'Todo sobre los dinosaurios\r'),
(1295, 4, 'Toño y Toña\r'),
(1296, 4, 'Leamos para aprender. Aula Lectora\r'),
(1297, 4, 'El país de las mates. 100 problemas de ingenio 2\r'),
(1298, 4, 'El fantasma de palacio\r'),
(1299, 4, 'Español 5\r'),
(1300, 4, 'Español 6\r'),
(1301, 4, 'Letras 2\r'),
(1302, 4, 'Letras 3\r'),
(1303, 4, 'Competencias Lectoras 2\r'),
(1304, 4, 'Samba gana y otros cuentos\r'),
(1305, 4, 'Encontrando colores: Rojo\r'),
(1306, 4, 'Encontrando colores: Amarillo\r'),
(1307, 4, 'Encontrando colores: Verde\r'),
(1308, 4, 'El asno y el Buey\r'),
(1309, 4, 'Pieldelobo\r'),
(1310, 4, '¡Ya no tengo miedo!\r'),
(1311, 4, 'Chitina y su gato\r'),
(1312, 4, 'La magia de los regalos\r'),
(1313, 4, 'Pedrito y la enfermedad de Chagas\r'),
(1314, 4, 'Ricky ¡Bienvenido a casa!\r'),
(1315, 4, 'Zumi y Celina\r'),
(1316, 4, 'Flavio el flamenco\r'),
(1317, 4, 'La canción de narval\r'),
(1318, 4, 'Locos por el ruido\r'),
(1319, 4, 'Para una vida mejor. Una historia de El Barrio\r'),
(1320, 4, 'El gato de Beethoven\r'),
(1321, 4, 'Mis primeros sentidos\r'),
(1322, 4, 'Mis primeras alegrías \r'),
(1323, 4, 'Lenguaje y Literatura 9\r'),
(1324, 4, 'Cuentos para tlacuaches\r'),
(1325, 4, 'Kinderlandia\r'),
(1326, 4, 'Rafa el niño invisible\r'),
(1327, 4, 'Enciclopedia de El Salvador \r'),
(1328, 4, 'Atlas geográfico universal y de El Salvador\r'),
(1329, 4, 'Cascanueces\r'),
(1330, 4, 'El castillo mágico 3\r'),
(1331, 4, 'Miguel Vicente pata caliente\r'),
(1332, 4, 'El principe Feliz\r'),
(1333, 4, 'El patito feo \r'),
(1334, 4, 'Programa de actividades de los jardines de infante'),
(1335, 4, 'Aqui contamos\r'),
(1336, 4, 'Lengua: Primaria-Primer Ciclo II\r'),
(1337, 4, 'El flamenco\r'),
(1338, 4, 'Los pequeños amiguitos\r'),
(1339, 4, 'Fajitas y burritos\r'),
(1340, 4, 'El ruiseñor presumido\r'),
(1341, 4, 'Monstruos\r'),
(1342, 4, 'Mis primeras 1000 palabras \r'),
(1343, 4, 'Mi primer libro con ventanas, Relatos de la biblia'),
(1344, 4, 'Los tres machos cabríos\r'),
(1345, 4, 'Plantillas Vehiculos\r'),
(1346, 4, 'Plantillas Animales\r'),
(1347, 4, 'Caras Divertidas\r'),
(1348, 4, 'Plantilla animales de granja\r'),
(1349, 4, 'Relatos de la biblia\r'),
(1350, 4, 'Libro de Rabito\r'),
(1351, 4, 'Caperucita Roja\r'),
(1352, 4, 'A través de los prados y los campos\r'),
(1353, 4, 'Hoy soy una pirata\r'),
(1354, 4, 'Sarah , sencilla y alta\r'),
(1355, 4, 'El niño maicero\r'),
(1356, 4, 'El niño panadero\r'),
(1357, 4, 'La hora en el zoológico\r'),
(1358, 4, 'Cambiar de forma\r'),
(1359, 4, 'El coyote \r'),
(1360, 4, 'Siete noches con Paula \r'),
(1361, 4, 'Vienen por la noche\r'),
(1362, 4, 'El gran partido de Guille\r'),
(1363, 4, 'La torre de Zoe\r'),
(1364, 4, 'El club de los coleccionistas de noticias\r'),
(1365, 4, 'Victor\r'),
(1366, 4, 'Glosa: Lengua y Literatura 1\r'),
(1367, 4, 'Glosa: Lengua y Literatura 2\r'),
(1368, 4, 'Convivir en familia\r'),
(1369, 4, 'La agenda de don Paulo\r'),
(1370, 4, 'Aitana la ratita despistada arregla su casa\r'),
(1371, 4, 'Aitana la ratita despistada cocinera\r'),
(1372, 4, 'Un paseo en el campo\r'),
(1373, 4, 'Al espacio la carrera a la luna\r'),
(1374, 4, 'Mis primeras fábulas 3\r'),
(1375, 4, 'Mis primeras fábulas 6\r'),
(1376, 4, 'Flora, la desconocida del espacio\r'),
(1377, 4, 'Lucas y Lucas\r'),
(1378, 4, 'Baby''s first\r'),
(1379, 4, '¿Papalotes o cometas?\r'),
(1380, 4, 'Nuestro bebé. Mis primeros dieciocho meses \r'),
(1381, 4, 'Hormiguita linda y ratoncito Pérez\r'),
(1382, 4, 'La sombra del buitre Sonya la Roja\r'),
(1383, 4, 'La isla del tesoro\r'),
(1384, 4, 'La isla del tesoro\r'),
(1385, 4, 'Rita\r'),
(1386, 4, 'La flecha de Atlacatl\r'),
(1387, 4, 'Lenguaje y Literatura 1° de Bachillerato\r'),
(1388, 4, 'Lenguaje y Literatura 2° de Bachillerato\r'),
(1389, 4, '´Cinco estudios sobre literatura\r'),
(1390, 4, '¡Por todos los dioses...!\r'),
(1391, 4, 'Los cuentos bobos\r'),
(1392, 4, 'Toni y la inundación\r'),
(1393, 4, 'Educación moral y cívica\r'),
(1394, 4, 'Lecturas maravillosas\r'),
(1395, 4, 'Lolita la maga\r'),
(1396, 4, 'Sirga\r'),
(1397, 4, 'Contextos del lenguaje 10\r'),
(1398, 4, '¡Huy, qué miedo!\r'),
(1399, 4, 'Cuenta estrellas\r'),
(1400, 4, 'El taxi de mi mamá\r'),
(1401, 4, 'Li Min una niña de Chimel\r'),
(1402, 4, 'El reino de las sombras\r'),
(1403, 4, 'El diablo de la botella\r'),
(1404, 4, 'Un amigo para rey Amadú\r'),
(1405, 4, 'Una noche inolvidable\r'),
(1406, 4, 'Lecturas Integradas 6\r'),
(1407, 4, 'El ladrón de mentiras\r'),
(1408, 4, 'Lenguaje 1\r'),
(1409, 4, 'Lenguaje 2\r'),
(1410, 4, 'El propietario de la catedral\r'),
(1411, 4, 'Rubi recibe un regalo\r'),
(1412, 4, 'El autobús de don Nicanor\r'),
(1413, 4, 'Lenguaje y Literatura 9\r'),
(1414, 4, 'Cleopatra toca música clásica\r'),
(1415, 4, '"Matemática ""viva"" en el parvulario"\r'),
(1416, 4, 'El lazarillo contado a los niños\r'),
(1417, 4, 'Dominaron la tierra\r'),
(1418, 4, 'Cuentame América\r'),
(1419, 4, 'Querido diario\r'),
(1420, 4, 'Jugando aprendemos 1\r'),
(1421, 4, 'Jugando Aprendemos 2\r'),
(1422, 4, 'Un día de camping\r'),
(1423, 4, 'La decisión\r'),
(1424, 4, '¿Qué ves, Frida ? \r'),
(1425, 4, 'Babú\r'),
(1426, 4, '¡Cómo nos equivocamos!\r'),
(1427, 4, 'Rodrigo y el libro sin final\r'),
(1428, 4, 'Mi escalera\r'),
(1429, 4, 'Alfabeto Fantástico\r'),
(1430, 4, 'Mi familia\r'),
(1431, 4, 'Lo siento\r'),
(1432, 4, 'Vida de Jorge Stephenson\r'),
(1433, 4, 'Peek a boo , I love you!\r'),
(1434, 4, 'El amigo de Hércules\r'),
(1435, 4, 'El libro invisible\r'),
(1436, 4, '¿Me hace bien o mal ? Aprender sobre medicamentos,'),
(1437, 4, 'Soy Generoso\r'),
(1438, 4, 'La campana del arrecife\r'),
(1439, 4, 'Ernesto el marinero\r'),
(1440, 4, 'Pepito el pinguino curioso\r'),
(1441, 4, 'Los inventos de Nicolás\r'),
(1442, 4, 'Los tristras\r'),
(1443, 4, '¿Dónde está Carlos?\r'),
(1444, 4, 'Madre América \r'),
(1445, 4, 'Cuentos ecológicos\r'),
(1446, 4, 'El viaje continúa\r'),
(1447, 4, 'Con el paso del tiempo\r'),
(1448, 4, 'Paso  a paso \r'),
(1449, 4, 'Ciencias\r'),
(1450, 4, 'California. Exámenes semanales (Grado 3)\r'),
(1451, 4, 'Cuaderno del programa intensivo de vocabulario.\r'),
(1452, 4, 'Los amiguetes del pequeño Nicolás\r'),
(1453, 4, 'El libro de Antón Pirulero\r'),
(1454, 4, 'El huerto de Juan\r'),
(1455, 4, 'Cristóbal Cruz recibe un regalo\r'),
(1456, 4, 'El regalo de tía Gala\r'),
(1457, 4, 'Nacho Pancho y Chispa\r'),
(1458, 4, 'El ratoncito de las moras \r'),
(1459, 4, 'Literatura Coleccion 2 libro 1\r'),
(1460, 4, 'Literatura abremundos Coleccion 3 libro 2\r'),
(1461, 4, 'Poncho el cangrejo presumido\r'),
(1462, 4, 'La jirafa en la cocina\r'),
(1463, 4, 'Lenguaje 3\r'),
(1464, 4, 'Puedes subir\r'),
(1465, 4, 'Tesoros Escondidos .La biblia al alcance del niño\r'),
(1466, 4, 'Cristal azul\r'),
(1467, 4, '¿También te gusta?\r'),
(1468, 4, 'Querida llama\r'),
(1469, 4, 'Las tortillas horrorosas\r'),
(1470, 4, 'Marta y las mariposas\r'),
(1471, 4, 'Los tres pequeños jabalíes\r'),
(1472, 4, 'La vida secreta de Hubie Hartzel\r'),
(1473, 4, 'Gira , rima\r'),
(1474, 4, '¿Qué soy?\r'),
(1475, 4, 'Superhombre mosca\r'),
(1476, 4, 'Thomas Alva Edison\r'),
(1477, 4, 'Disculpe usted, señor\r'),
(1478, 4, 'Alí Babá y los cuarenta ladrones\r'),
(1479, 4, 'Pulgarcito\r'),
(1480, 4, 'La suma más difícil del  mundo\r'),
(1481, 4, 'Roque y el rio\r'),
(1482, 4, 'Diviertete contando\r'),
(1483, 4, 'Salta que salta\r'),
(1484, 4, 'Toco, toco\r'),
(1485, 4, 'Mi padre fue rey\r'),
(1486, 4, 'Nuestras hazañas en la cueva\r'),
(1487, 4, 'Una canción para mi mamá\r'),
(1488, 4, 'Tío Caricari\r'),
(1489, 4, 'La clase de dibujo \r'),
(1490, 4, '"La leyenda de la flor ""El conejo"""\r'),
(1491, 4, 'Mexico mío\r'),
(1492, 4, 'Las tres manzanas\r'),
(1493, 4, 'Vivamos nuestros derechos \r'),
(1494, 4, 'Piratas libro de actividades y para colorear\r'),
(1495, 4, 'Maria Tallchief\r'),
(1496, 4, 'La historia de la rata Rita\r'),
(1497, 4, 'La canica de Mónica y Quico\r'),
(1498, 4, 'La isla de tía Lola\r'),
(1499, 4, 'La vaca bailarina\r'),
(1500, 4, 'Los osos toman el sol\r'),
(1501, 4, 'Cuentatrapos \r'),
(1502, 4, 'El jorobado de Notre Dame\r'),
(1503, 4, 'El jorobado de Notre Dame\r'),
(1504, 4, 'Cuentos contenidos\r'),
(1505, 4, 'Los aztecas\r'),
(1506, 4, 'El mundo de José Jesús\r'),
(1507, 4, 'En los cuentos hay, animales\r'),
(1508, 4, 'La abuelita de caperucita roja\r'),
(1509, 4, 'En los cuentos hay, colores\r'),
(1510, 4, 'En los cuentos hay, estaciones\r'),
(1511, 4, 'El mejor cumpleaños de mami\r'),
(1512, 4, 'Cuentos voladores\r'),
(1513, 4, 'La bella durmiente\r'),
(1514, 4, 'Los colores de Wilmar\r'),
(1515, 4, 'Ivanhoe\r'),
(1516, 4, 'Ivanhoe\r'),
(1517, 4, 'El sastrecillo valiente y otros cuentos\r'),
(1518, 4, 'El oro de los locos\r'),
(1519, 4, 'El libro de la fe para niños, Relatos de hoy y sie'),
(1520, 4, 'La ranita que quería ser reina\r'),
(1521, 4, 'Por la noche\r'),
(1522, 4, '¿Qué es, Catalina?\r'),
(1523, 4, 'El grillo saltarín \r'),
(1524, 4, 'La tortuga de Paula\r'),
(1525, 4, 'La floreria del abuelo\r'),
(1526, 4, 'Carperucita descolorida\r'),
(1527, 4, 'Para algo son los amigos\r'),
(1528, 4, 'Amigos con suerte\r'),
(1529, 4, '¿Por qué el conejo tiene las orejas tan largas?\r'),
(1530, 4, 'El naranjo que no daba naranjas\r'),
(1531, 4, 'El sembrador escolar 2\r'),
(1532, 4, 'El sembrador escolar 3\r'),
(1533, 4, 'La rosa de la china\r'),
(1534, 4, 'El sembrador escolar 6\r'),
(1535, 4, 'Alfabeto para niños\r'),
(1536, 4, 'El arte de amar\r'),
(1537, 4, 'La casa de vidrio\r'),
(1538, 4, 'Un tesoro dorado ( Winnie the pooh )\r'),
(1539, 18, 'El señor presidente\r'),
(1540, 18, 'Don segundo sombra\r'),
(1541, 18, 'Historia Universal de la literatura\r'),
(1542, 18, 'Toda razón dispersa\r'),
(1543, 18, 'El huerto de mi amada\r'),
(1544, 18, 'La amistad un don del cielo\r'),
(1545, 18, 'La Araucana\r'),
(1546, 18, 'Luz Negra\r'),
(1547, 18, 'El túnel\r'),
(1548, 18, 'Imaginario de amor y esperanza\r'),
(1549, 18, 'Cuentos de los pueblos del mundo\r'),
(1550, 18, 'Ollantay\r'),
(1551, 18, 'La espada y la rosa\r'),
(1552, 18, 'Poesías\r'),
(1553, 18, 'El jetón\r'),
(1554, 18, 'El libro del tropico\r'),
(1555, 18, 'Páginas Escogidas\r'),
(1556, 18, 'Despertar a la Luz\r'),
(1557, 18, 'La soga del muerto\r'),
(1558, 18, 'La esfinge desnuda\r'),
(1559, 18, 'De Costa Rica al pasar el rio bravo\r'),
(1560, 18, 'Una gata con todos los nombre del mundo\r'),
(1561, 18, 'Poesía Latinoamericana delsiglo XX\r'),
(1562, 18, 'Diario secreto de Susi\r'),
(1563, 18, 'Escuela de pájaros\r'),
(1564, 18, 'Sus mejores poemas\r'),
(1565, 18, 'Tierra de infancia\r'),
(1566, 18, 'No quiero este negocio\r'),
(1567, 18, 'La Vorágine\r'),
(1568, 18, 'Como ganar amigos e influir sobre las personas\r'),
(1569, 18, 'Como suprimir las preocupaciones y disfrutar de la'),
(1570, 18, 'Cenizas de Izalco\r'),
(1571, 18, 'Pasión del tiempo\r'),
(1572, 18, 'Una grieta en el agua\r'),
(1573, 18, 'La clave del éxito\r'),
(1574, 18, 'Las mil y una noches\r'),
(1575, 18, 'El mono desnudo\r'),
(1576, 18, 'Narraciones extraordinarias\r'),
(1577, 18, 'El gol imposible\r'),
(1578, 18, 'El enigma N.I.D.O.\r'),
(1579, 18, 'La gringa\r'),
(1580, 18, 'Cuentos y narraciones\r'),
(1581, 18, 'Agua de coco\r'),
(1582, 18, 'La Metamorfosis\r'),
(1583, 18, 'Crónica de una muerte anunciada\r'),
(1584, 18, 'El coronel no tiene quien le escriba\r'),
(1585, 18, 'El conocimiento que lleva a vida eterna\r'),
(1586, 18, 'Dice la Lepina \r'),
(1587, 18, 'Escritores latinoamericanos contemporaneos\r'),
(1588, 18, 'El infierno\r'),
(1589, 18, 'Selección de cuentos\r'),
(1590, 18, 'Aquí se cuentan cuentos\r'),
(1591, 18, 'Justicia señor gobernador\r'),
(1592, 18, 'Ollantay drama Quechúa\r'),
(1593, 18, 'Una tacita reconfortante de chocolate caliente par'),
(1594, 18, 'Una tacita reveladora de Chocolate caliente para e'),
(1595, 18, 'Querido hijo: estás despedido\r'),
(1596, 18, 'María\r'),
(1597, 18, 'Cuentos de Don Macario\r'),
(1598, 18, 'Voces de la eternidad\r'),
(1599, 18, 'Ariel\r'),
(1600, 18, 'El gaucho Martín Fierro\r'),
(1601, 18, 'No es un crimen enamorarse\r'),
(1602, 18, 'Amalia\r'),
(1603, 18, 'Versos Sencillos\r'),
(1604, 18, 'La hija del adelantado\r'),
(1605, 18, 'Las escenas cumbres\r'),
(1606, 18, 'Mester de picardía\r'),
(1607, 18, 'Ninel se fue a la guerra\r'),
(1608, 18, 'Todo el códice\r'),
(1609, 18, 'Alejo no era brujo\r'),
(1610, 18, 'Sus mejores poesias\r'),
(1611, 18, 'El dieciocho brumario de Luis Bonaparte\r'),
(1612, 18, 'mi perro mi amigo\r'),
(1613, 18, 'Los juegos furtivos\r'),
(1614, 18, 'Dosis letal\r'),
(1615, 18, 'Caperucita en la zona roja\r'),
(1616, 18, 'Siglo de ogro\r'),
(1617, 18, 'Un día en la vida\r'),
(1618, 18, 'Las llaves del horizonte\r'),
(1619, 18, 'Doble Dama\r'),
(1620, 18, 'Lecturas escogidas\r'),
(1621, 18, 'Los de abajo\r'),
(1622, 18, 'Inventario I\r'),
(1623, 18, 'Inventario II\r'),
(1624, 18, 'Quién de nosotros\r'),
(1625, 18, 'El barbero de cojute\r'),
(1626, 18, 'La ciudad y los perros\r'),
(1627, 18, 'Los cachorros\r'),
(1628, 18, 'Hombres contra la muerte\r'),
(1629, 18, 'Mitología de cuscatlan\r'),
(1630, 18, 'Prosas escogidas\r'),
(1631, 18, 'Mimí al volante\r'),
(1632, 18, 'El sexo contado a los pequeños\r'),
(1633, 18, 'Rubén Darío\r'),
(1634, 18, 'Patria exacta\r'),
(1635, 18, 'No apto para turistas\r'),
(1636, 18, 'Por los caminos van los campesinos\r'),
(1637, 18, '20 poemas de amor y una canción desesperada\r'),
(1638, 18, 'Juan Rulfo\r'),
(1639, 18, '365 DÍAS\r'),
(1640, 18, 'Brindis a la vida\r'),
(1641, 18, 'Las flores del bien\r'),
(1642, 18, 'Sí a la vida!\r'),
(1643, 18, 'Vivir vale la pena\r'),
(1644, 18, 'Amadís De Gaula\r'),
(1645, 18, 'Versos de ayer\r'),
(1646, 18, 'Corazón Adentro\r'),
(1647, 18, 'Línea sin fin\r'),
(1648, 18, 'Bello amigo, atardece\r'),
(1649, 18, 'Obras completas I\r'),
(1650, 18, 'La ventana en el rostro\r'),
(1651, 18, 'Pobrecito poeta que era yo\r'),
(1652, 18, 'Un libro levemente odioso\r'),
(1653, 18, 'Azúl\r'),
(1654, 18, 'Sagatara Mío\r'),
(1655, 18, 'Sin oficio ni beneficio\r'),
(1656, 18, 'La patria del criollo\r'),
(1657, 18, 'El cuento hispanoamericano\r'),
(1658, 18, 'Leyendas de américa\r'),
(1659, 18, 'Américo Vespucio\r'),
(1660, 18, 'Antología de la novela corta norteamericana tomo I'),
(1661, 18, 'Funeral Home\r'),
(1662, 18, 'Transforme su mundo interior\r'),
(1663, 15, 'La gran aventura de Alejandro\r'),
(1664, 15, 'El misterio de sittaford\r'),
(1665, 15, 'Asesinato en el Orient Express\r'),
(1666, 15, '19: Obras Completas Tomo I\r'),
(1667, 15, '19: Obras Completas Tomo II\r'),
(1668, 15, 'Poesía versus Arte\r'),
(1669, 15, 'Cuadernos Masferrerianos N. 5\r'),
(1670, 15, 'El dinero maldito\r'),
(1671, 15, 'El minimun vital\r'),
(1672, 15, 'El rosal deshojado\r'),
(1673, 15, 'Ensayo sobre el destino\r'),
(1674, 15, 'Helios\r'),
(1675, 15, 'Páginas Escogidas\r'),
(1676, 15, 'Andanzas y malandanzas\r'),
(1677, 15, 'Un mundo feliz\r'),
(1678, 15, 'Prohibido suicidarse en primavera\r'),
(1679, 15, 'Lecturas ejemplares\r'),
(1680, 15, 'La Dama de las Camelias\r'),
(1681, 15, 'El niño filósofo y su Mundo\r'),
(1682, 15, 'Raices\r'),
(1683, 15, 'El conde de Montecristo\r'),
(1684, 15, 'Literatura universal e iberoamericana\r'),
(1685, 15, 'Con los ojos cerrados\r'),
(1686, 15, 'Cuentos poemas y poesías\r'),
(1687, 15, 'Grito al Sol\r'),
(1688, 15, 'La Invasión\r'),
(1689, 15, 'El Diario de 61\r'),
(1690, 15, 'El tercero de tres\r'),
(1691, 15, 'La canción de la libertad\r'),
(1692, 15, 'Peces que engañan\r'),
(1693, 15, 'Poema de Mío Cid\r'),
(1694, 15, 'Lazarillo de Tormes\r'),
(1695, 15, 'El prisionero de Zenda\r'),
(1696, 15, 'El principito\r'),
(1697, 15, 'Tio vania/La gaviota/El jardín de los cerezos\r'),
(1698, 15, 'Viaje al centro del Verne 253\r'),
(1699, 15, 'Las Nubes, Las Avispas\r'),
(1700, 15, 'Comedia Greco-Latina\r'),
(1701, 15, 'Comedias\r'),
(1702, 15, 'Luz y oscuridad\r'),
(1703, 15, 'Su estrella elegida\r'),
(1704, 15, 'Sherlock Holmes: El Sabueso de los Baskerville\r'),
(1705, 15, 'Aeropuerto\r'),
(1706, 15, 'Marginales de la vida\r'),
(1707, 15, 'Ilusiones de Opalo\r'),
(1708, 15, 'Doña Perfecta\r'),
(1709, 15, 'Marianela\r'),
(1710, 15, 'La persona buena de Sezuan\r'),
(1711, 15, 'Madre coraje y sus hijos\r'),
(1712, 15, 'El viaje perdido\r'),
(1713, 15, 'Cállame con un beso\r'),
(1714, 15, 'Canciones para Paula\r'),
(1715, 15, 'Estándares de gloria\r'),
(1716, 15, 'Las crónicas de NARNIA: El caballo y el muchacho\r'),
(1717, 15, 'Las crónicas de NARNIA: El sobrino del mago\r'),
(1718, 15, 'Las crónicas de NARNIA: La travesía del viajero de'),
(1719, 15, 'Las crónicas de NARNIA: La última batalla\r'),
(1720, 15, 'La familia de Pacual Duarte\r'),
(1721, 15, 'El arte de ensoñar\r'),
(1722, 15, 'Gentes de mi tierra\r'),
(1723, 15, 'Caperucita en Manhattan\r'),
(1724, 15, 'Todos los amigos juntos\r'),
(1725, 15, 'Diosas y plebeyas\r'),
(1726, 15, 'El cisne en la sombra\r'),
(1727, 15, 'La compañía de las moscas\r'),
(1728, 15, 'El velo negro\r'),
(1729, 15, 'David Copperfield\r'),
(1730, 15, 'Oliver Twist\r'),
(1731, 15, 'El perfume de Egipto\r'),
(1732, 15, 'Los nombres de las estrellas\r'),
(1733, 15, 'Ciencias populares anecdotas trabalenguas\r'),
(1734, 15, 'Lejos del planeta silencioso\r'),
(1735, 15, 'El pan de la guerra\r'),
(1736, 15, 'Narrativa: Poe y Chejov\r'),
(1737, 15, 'Poema del Mío Cid, Cantar de Roldán y Los Nibelung'),
(1738, 15, 'El gran conflicto\r'),
(1739, 15, 'Esa condenada mala suerte\r'),
(1740, 15, 'Antología de los Premios Andersen\r'),
(1741, 15, 'La vida de Óscar Romero (1917-1980)\r'),
(1742, 15, 'Laurel Lirico\r'),
(1743, 15, 'Más historias de Shakespeare\r'),
(1744, 15, 'Mega Flash\r'),
(1745, 15, 'Amigos en las altas esferas\r'),
(1746, 15, 'Las otras Alicias\r'),
(1747, 15, 'Don Álvaro o la fuerza del sino\r'),
(1748, 15, 'Para escribir correctamente\r'),
(1749, 15, 'Breve charla con una momia\r'),
(1750, 15, 'Corazón\r'),
(1751, 15, 'Los náufragos del liguria\r'),
(1752, 15, 'Los diarios de Nanny\r'),
(1753, 15, 'La dama del ocaso\r'),
(1754, 15, 'El viejo y el mar\r'),
(1755, 15, 'Tragedias completas\r'),
(1756, 15, 'Tragedia Griega\r'),
(1757, 15, 'Cuentos antes y después del sueño\r'),
(1758, 15, 'El vendedor de cabezas\r'),
(1759, 15, 'Electra/Ifigenia/Las troyanas\r'),
(1760, 15, 'Bodas de Sangre\r'),
(1761, 15, 'La casa de Bernarda Alba\r'),
(1762, 15, 'Yerma\r'),
(1763, 15, 'Fuenteovejuna\r'),
(1764, 15, 'La Celestina\r'),
(1765, 15, 'Ética para amador\r'),
(1766, 15, 'El jugador\r'),
(1767, 15, 'Vida del buscón\r'),
(1768, 15, 'Literatura Infantil\r'),
(1769, 15, 'Francois Mauriac: Novelas Escogidas\r'),
(1770, 15, 'Los perros de la guerra\r'),
(1771, 15, 'Monseñor Romero en los días de hoy\r'),
(1772, 15, 'Cien años de soledad\r'),
(1773, 15, 'El decameron\r'),
(1774, 15, 'El poder y la gloria\r'),
(1775, 15, 'Madame Bovary\r'),
(1776, 15, 'Leyendas\r'),
(1777, 15, 'Leyendas\r'),
(1778, 15, 'Obras completas\r'),
(1779, 15, 'Rimas\r'),
(1780, 15, 'Rimas, Leyendas, Cartas desde mi celda\r'),
(1781, 15, 'Bola de sebo y otros cuentos\r'),
(1782, 15, 'La cabaña del Tío Tom\r'),
(1783, 15, 'Casa de muñecas\r'),
(1784, 15, 'Otra vuelta de tuerca\r'),
(1785, 15, 'La Ilíada\r'),
(1786, 15, 'La Odisea\r'),
(1787, 15, 'Papá Goriot\r'),
(1788, 15, 'Robin Hood\r'),
(1789, 15, 'Los acuerdos de paz en El Salvador. 1992\r'),
(1790, 15, 'Por qué la guerra en El Salvador\r'),
(1791, 15, 'Ciego Afán\r'),
(1792, 15, 'Forjando mi vida\r'),
(1793, 15, 'Los intereses creados\r'),
(1794, 15, 'Comedias Escogidas\r'),
(1795, 15, 'El silencio blanco\r'),
(1796, 15, 'Ley de vida y otros cuentos\r'),
(1797, 15, 'El llamado de la selva\r'),
(1798, 15, 'C.S. Lewis autor de las cónicas de Narnia\r'),
(1799, 15, 'Emboscada en Ecuador\r'),
(1800, 15, 'La audaz aventura\r'),
(1801, 15, 'La intrépida rescatadora\r'),
(1802, 15, 'Julie y los lobos\r'),
(1803, 15, 'Mi rincón en la montaña\r'),
(1804, 15, 'Puerta cerrada\r'),
(1805, 15, 'La nausea\r'),
(1806, 15, 'Literatura existencialista(A puerta cerrada/El ext'),
(1807, 15, 'La espada del lombricero\r'),
(1808, 15, 'Los esbirros del tiempo\r'),
(1809, 15, 'Fausto\r'),
(1810, 15, 'Werther\r'),
(1811, 15, 'Heidi\r'),
(1812, 15, 'Cartas a Ellacuría\r'),
(1813, 15, 'Monseñor Romero (Su vida, testimonio y su palabra)'),
(1814, 15, 'Los viajes de Gulliver\r'),
(1815, 15, 'Huasipungo\r'),
(1816, 15, 'Brújula rota\r'),
(1817, 15, 'Coplas a la muerte de su padre\r'),
(1818, 15, 'Obras poéticas\r'),
(1819, 15, 'Ironías\r'),
(1820, 15, 'Espejo del tiempo\r'),
(1821, 15, 'Candidato\r'),
(1822, 15, 'Francisco Gavidia. Artífice de Nuestra Nacionalida'),
(1823, 15, 'Dolor de Patria\r'),
(1824, 15, 'La última guinda\r'),
(1825, 15, 'Don Juan Tenorio\r'),
(1826, 15, 'La aventura de Saíd\r'),
(1827, 15, 'La tierra será un paraíso\r'),
(1828, 15, 'Aromas Lejanos\r'),
(1829, 15, 'Robos de lagartija\r'),
(1830, 15, 'Platero y yo\r'),
(1831, 15, 'La verdad sospechosa\r'),
(1832, 15, 'Carbones Encendidos\r'),
(1833, 15, 'Pepita Jiménez\r'),
(1834, 15, 'El vigia sin luz\r'),
(1835, 15, 'La tienda de muñecos y otros relatos\r'),
(1836, 15, 'Viaje al centro de la tierra\r'),
(1837, 15, 'De la tierra a la luna\r'),
(1838, 15, 'Un capitán de 15 años\r'),
(1839, 15, 'Miguel Strogoff\r'),
(1840, 15, 'Astronauta. La vida en el espacio\r'),
(1841, 15, 'En el blanco\r'),
(1842, 15, 'La primavera se amotina\r'),
(1843, 15, 'El sí de las niñas\r'),
(1844, 15, 'Fábulas\r'),
(1845, 15, 'Ana Karenina\r'),
(1846, 15, 'Ben-Hur\r'),
(1847, 15, 'Combustiones Espontáneas\r'),
(1848, 15, 'Primicias de otoño\r'),
(1849, 15, 'Brumas de octubre\r'),
(1850, 15, 'El retorno de los brujos\r'),
(1851, 15, 'Mujercitas, más cosas de mujercitas\r'),
(1852, 15, 'Aquellas Mujercitas\r'),
(1853, 15, 'Hombrecitos\r'),
(1854, 15, 'Luigi Pirandello: Obras escogidas Tomo I\r'),
(1855, 15, 'Luigi Pirandello: Obras escogidas Tomo II\r'),
(1856, 15, 'Seis Personajes en busca de autor\r'),
(1857, 15, 'Diccionario Hispánico Universal\r'),
(1858, 15, 'La batalla de la luna rosada\r'),
(1859, 15, 'Caricaturas Verbales\r'),
(1860, 15, 'Los mejores relatos de humor, La mona risa\r'),
(1861, 15, 'La prisión de honor\r'),
(1862, 15, 'Delirios\r'),
(1863, 15, 'Mitos y recuerdos\r'),
(1864, 15, 'Memorias de Cleopatra I\r'),
(1865, 15, 'Lo que el viento se llevó\r'),
(1866, 15, 'El retorno de los dragones volumen I\r'),
(1867, 15, 'El poso amargo del café\r'),
(1868, 15, 'En las artistas del cristal\r'),
(1869, 15, 'Palos de ciego\r'),
(1870, 15, 'Huckleberry Finn\r'),
(1871, 15, 'Sueños de paz\r'),
(1872, 15, 'Historias de Andersen\r'),
(1873, 15, 'Ensayos Literarios\r'),
(1874, 15, 'Pensamiento social de Masferrer\r'),
(1875, 15, 'La Madre\r'),
(1876, 15, 'El hombre terminal\r'),
(1877, 15, 'Momo\r'),
(1878, 15, 'Don Quijote de la Mancha\r'),
(1879, 15, 'La Tía Tula\r'),
(1880, 15, 'Bajo Flamas de Sodio y Cuarzo\r'),
(1881, 15, 'El avaro tartufo\r'),
(1882, 15, 'El médico a palos, El amor médico, El enfermo imag'),
(1883, 15, 'La piedra de toque\r'),
(1884, 15, 'El regalo mágico\r'),
(1885, 15, 'El Retrato y otros cuentos\r'),
(1886, 15, 'El principe\r'),
(1887, 15, 'Manual de Juegos\r'),
(1888, 15, 'El retrato de Dorian Gray\r'),
(1889, 15, 'El buscador de finales\r'),
(1890, 15, 'Esperanza Renace\r'),
(1891, 15, 'Las patrullas de las tortugas\r'),
(1892, 15, 'Justo Rufino Barrios\r'),
(1893, 15, 'La vida es sueño\r'),
(1894, 15, 'La vida es sueño, Casa con dos puertas mala es de '),
(1895, 15, 'Hombres en la historia\r'),
(1896, 15, 'El español que hablamos en El Salvador\r'),
(1897, 15, 'El ingeniero\r'),
(1898, 15, 'Defensa de Sócrates\r'),
(1899, 15, 'La República\r'),
(1900, 15, 'Sala de jurados\r'),
(1901, 15, 'Antología 3x15 mundos\r'),
(1902, 15, 'Este mal de familia\r'),
(1903, 15, 'Querido Homo Sapiens\r'),
(1904, 15, 'Los años marchitos\r'),
(1905, 15, 'El caballero del hongo gris\r'),
(1906, 15, 'Fahrenheit 451\r'),
(1907, 15, 'Arca de los olvidos\r'),
(1908, 15, 'Media Luz\r'),
(1909, 15, 'Tradiciones peruanas\r'),
(1910, 15, 'Juan Salvador Gaviota\r'),
(1911, 15, 'Viaje en un tren flotante\r'),
(1912, 15, 'Hablan de Monseñor Romero\r'),
(1913, 15, 'El crimen del parque Bolivar\r'),
(1914, 15, 'El cristo negro\r'),
(1915, 15, 'TRASMALLO\r'),
(1916, 15, 'XXV Aniversario de Rutilio Grande. Sus homolías\r'),
(1917, 15, 'El martirio del pastor\r'),
(1918, 15, 'La casa en Mango Street\r'),
(1919, 15, 'Dinero manchado de sangre\r'),
(1920, 15, 'Las Siete Tragedias\r'),
(1921, 15, 'Fouché\r'),
(1922, 15, 'La trama de los cielos\r'),
(1923, 15, 'Papá Qué es el racismo?\r'),
(1924, 15, 'El arpista ciego\r'),
(1925, 15, 'La suegra/La comedia de la olla\r'),
(1926, 15, 'Perro viejo\r'),
(1927, 15, 'Esa horrible historia. Segunda guerra mundial\r'),
(1928, 15, 'Sombras alerta roja\r'),
(1929, 15, 'El burlador de Sevilla\r'),
(1930, 15, 'Cómo leer estadísticas\r'),
(1931, 15, 'La Eneída\r'),
(1932, 15, 'La clave Rosetta\r'),
(1933, 15, 'El mercader de Venecia, Sueño de una noche de vera'),
(1934, 15, 'Hamlet\r'),
(1935, 15, 'Otelo\r'),
(1936, 15, 'Romeo y Julieta\r'),
(1937, 15, 'Hamlet II\r'),
(1938, 15, 'Comedias \r'),
(1939, 15, 'A la zaga\r'),
(1940, 15, 'Quédate con nosotros\r'),
(1941, 15, 'Sus frios ojos azules\r'),
(1942, 6, 'Aritmética teórico práctica\r'),
(1943, 6, 'Matemática en acción\r'),
(1944, 6, 'Clic 1 \r'),
(1945, 6, 'Por el mundo de las matemáticas (Primaria 1)\r'),
(1946, 6, 'Las figuras\r'),
(1947, 6, 'Matemáticas (Cuarto grado)\r'),
(1948, 6, 'Póngame un kilo de matemáticas\r'),
(1949, 6, 'Matemáticas (Tercer grado)\r'),
(1950, 6, 'Matemáticas 8\r'),
(1951, 6, 'Matemáticas 9\r'),
(1952, 6, 'Matemáticas 1\r'),
(1953, 6, 'Tabla de los logaritmos de los senos, cosenos, tan'),
(1954, 6, 'Libro de destrezas matemáticas Grado 2\r'),
(1955, 6, 'Nueva era: Matemática 3\r'),
(1956, 6, 'Encontrando formas : Rectángulos\r'),
(1957, 6, 'Encontrando formas: Triángulos\r'),
(1958, 6, 'Encontrando formas: Círculos\r'),
(1959, 6, 'Cálculo Mercantil I\r'),
(1960, 6, 'Geometría primer nivel\r'),
(1961, 6, 'Mecánica vectorial para ingenieros\r'),
(1962, 6, 'Estadística: Elementos de estadística descriptiva '),
(1963, 6, 'Métodos practicos de inferencia estadística\r'),
(1964, 6, 'Matemática moderna 4°\r'),
(1965, 6, 'Matemáticas Comerciales\r'),
(1966, 6, 'Geometría plana y del espacio con una introducción'),
(1967, 6, 'Matemáticas 3\r'),
(1968, 6, 'Matemáticas 5\r'),
(1969, 6, 'Matemáticas 6\r'),
(1970, 6, 'Matemáticas 7 El Salvador tercer ciclo\r'),
(1971, 6, 'Matemática Mágica 6 primaria\r'),
(1972, 6, 'Matemática (Segundo año de bachillerato)\r'),
(1973, 6, 'Matemática Segundo año de bachillerato\r'),
(1974, 6, 'Matemáticas 3\r'),
(1975, 6, 'Álgebra\r'),
(1976, 6, 'Matemática (Segundo año de bachillerato)\r'),
(1977, 6, 'Matemática 8° grado\r'),
(1978, 6, 'Matemáticas 7 taller\r'),
(1979, 6, 'Matemáticas 8 taller\r'),
(1980, 6, 'Matemática 6 taller\r'),
(1981, 6, 'Geometría\r'),
(1982, 6, 'Matemática (Primer año de bachillerato)\r'),
(1983, 6, 'Matemática 3\r'),
(1984, 6, 'Matemática 4\r'),
(1985, 6, 'Matemática (Octavo grado)\r'),
(1986, 6, 'Matemática hacia el futuro (Grado 6)\r'),
(1987, 6, 'Matemática 1 colección cipotes\r'),
(1988, 6, 'Quest 2000: Exploraciones matemáticas\r'),
(1989, 6, 'Estadística I: Probabilidad básica\r'),
(1990, 6, 'Matemática (Segundo año de bachillerato)\r'),
(1991, 6, 'Matemática octavo grado\r'),
(1992, 6, 'Elementos de Álgebra Contemporánea\r'),
(1993, 6, 'Matemática 7° grado \r'),
(1994, 6, 'Álgebra y trigonometría con geometría Analítica\r'),
(1995, 6, 'Descubre los números\r'),
(1996, 6, 'Matemática Básica Preuniversitaria\r'),
(1997, 6, 'Matemática 8° grado UCA\r'),
(1998, 6, 'Consultor del estdiante: Matemáticas I y II , Geom'),
(1999, 6, 'Números para niños\r'),
(2000, 6, 'Matemáticas 9\r'),
(2001, 6, 'Matemáticas giro 1\r'),
(2002, 8, 'Quimica 2 (Cuaderno de trabajo)\r'),
(2003, 8, 'Química general I\r'),
(2004, 8, 'Química general II\r'),
(2005, 8, 'Química: Primer Curso\r'),
(2006, 8, 'Química General\r'),
(2007, 8, 'Química general\r'),
(2008, 8, 'Química 10\r'),
(2009, 8, 'Química elemental moderna\r'),
(2010, 1, 'David \r'),
(2011, 1, 'Elias\r'),
(2012, 1, 'El viaje sin fin \r'),
(2013, 1, 'Mi matrimonio un regalo\r'),
(2014, 1, 'La amistad es una fiesta\r'),
(2015, 1, 'Buenas Nuevas El Salvador\r'),
(2016, 1, 'Dios Habla Hoy: Biblia\r'),
(2017, 1, 'Jóvenes, construyamos la civilización del amor\r'),
(2018, 1, 'Cantos Religiosos\r'),
(2019, 1, 'Sagrada Biblia\r'),
(2020, 1, 'Teólogos de la liberación hablan sobre la mujer\r'),
(2021, 1, 'La Biblia Ilustrada\r'),
(2022, 1, '"Existo pero... ""Quiero vivir"""\r'),
(2023, 1, 'El valor divino de lo humano\r'),
(2024, 1, 'María: Hoy y siempre\r'),
(2025, 1, 'Caminar con jóvenes\r'),
(2026, 1, 'Proverbios antiguos para tiempos modernos\r'),
(2027, 1, 'Señor muestranos al padre\r'),
(2028, 1, 'El reino secreto\r'),
(2029, 1, 'Dios llega al hombre\r'),
(2030, 1, 'Entre el pincel y la palabra\r'),
(2031, 1, 'La biblia\r'),
(2032, 2, 'Si tú puedes..¡Nosotros podemos!\r'),
(2033, 2, '¡Estoy con vos! Hablemos de abuso sexual\r'),
(2034, 2, 'Yo condeno la violencia sexual contra las niñas\r');

-- --------------------------------------------------------

--
-- Estructura de tabla para la tabla `librooficina`
--

CREATE TABLE `librooficina` (
  `idLibro` int(11) NOT NULL,
  `idOficina` int(11) NOT NULL
) ENGINE=InnoDB DEFAULT CHARSET=latin1;

-- --------------------------------------------------------

--
-- Estructura de tabla para la tabla `libroprestamo`
--

CREATE TABLE `libroprestamo` (
  `idEjemplar` varchar(11) NOT NULL,
  `idLibro` int(11) NOT NULL,
  `idBiblioteca` int(11) NOT NULL,
  `idLibrera` int(11) DEFAULT NULL,
  `idEstante` int(11) DEFAULT NULL,
  `estado` tinyint(1) NOT NULL
) ENGINE=InnoDB DEFAULT CHARSET=latin1;

--
-- Volcado de datos para la tabla `libroprestamo`
--

INSERT INTO `libroprestamo` (`idEjemplar`, `idLibro`, `idBiblioteca`, `idLibrera`, `idEstante`, `estado`) VALUES
('AALLJ1', 314, 1, 5, 1, 0),
('AAMA1', 1194, 2, 1, 2, 0),
('AAMA2', 1194, 2, 1, 2, 0),
('AAMA3', 1194, 2, 1, 2, 0),
('AAMA4', 1194, 2, 1, 2, 0),
('AAMA5', 1194, 2, 1, 2, 0),
('AAMA6', 1194, 2, 1, 2, 0),
('AAMA7', 1194, 2, 1, 2, 0),
('AAMA8', 1194, 2, 1, 2, 0),
('AAMA9', 1194, 2, 1, 2, 0),
('ABCOPI1', 252, 1, 6, 2, 0),
('ABUELA1', 815, 1, 2, 3, 0),
('ABYLCL1', 1478, 1, 6, 5, 0),
('ADCH1', 484, 1, 6, 6, 0),
('ADCS1', 177, 1, 3, 4, 0),
('ADFAEMS1', 42, 1, 1, 4, 0),
('ADIOS1', 344, 1, 6, 1, 0),
('ADIOS2', 344, 1, 6, 1, 0),
('ADIOS3', 344, 1, 6, 1, 0),
('ADIOS4', 344, 1, 6, 1, 0),
('ADIOS5', 344, 1, 6, 1, 0),
('ADIOS6', 344, 1, 6, 1, 0),
('ADIOS7', 344, 1, 6, 1, 0),
('ADIOS8', 344, 1, 6, 1, 0),
('ADLNTII1', 1660, 2, 3, 1, 0),
('ADLNTII2', 1660, 2, 3, 1, 0),
('ADLO1', 1907, 1, 6, 2, 0),
('ADLPA1', 1740, 1, 4, 3, 0),
('ADPDES1', 627, 1, 3, 4, 0),
('ADSPYT1', 394, 1, 4, 4, 0),
('AEEAI1', 1183, 2, 1, 1, 0),
('AEELN1', 959, 3, 1, 1, 0),
('AEEOE1', 1665, 1, 1, 1, 0),
('AELAE1', 1745, 1, 4, 1, 0),
('AELCAL1', 1373, 1, 4, 4, 0),
('AEMV1', 770, 2, 2, 1, 0),
('AEPDLM1', 909, 1, 6, 5, 0),
('AEROPU1', 1705, 2, 1, 2, 0),
('AFFW1', 219, 1, 4, 4, 0),
('AFPDLH1', 71, 1, 2, 1, 0),
('AFYHLAP1', 558, 1, 6, 6, 0),
('AGDC1', 1016, 1, 5, 4, 0),
('AGDECO1', 1581, 2, 1, 2, 0),
('AGIGI1', 1283, 2, 1, 3, 0),
('AGIGI2', 1283, 2, 1, 3, 0),
('AGUDES1', 700, 1, 6, 1, 0),
('AGUYDES1', 1328, 1, 6, 1, 0),
('AHYS1', 673, 1, 4, 3, 0),
('AJEJDJ1', 781, 2, 1, 1, 0),
('AJEJDJ2', 781, 2, 1, 1, 0),
('ALADI1', 791, 2, 1, 2, 0),
('ALALL1', 942, 2, 2, 3, 0),
('ALEDLA1', 945, 1, 6, 5, 0),
('ALFAN1', 1429, 1, 1, 4, 0),
('ALGEBRA1', 1975, 2, 2, 3, 0),
('ALIBLA1', 568, 2, 1, 2, 0),
('ALINEG1', 521, 2, 1, 2, 0),
('ALIVER1', 569, 1, 6, 3, 0),
('ALIVER2', 569, 1, 6, 3, 0),
('ALIVER3', 569, 1, 6, 3, 0),
('ALIVER4', 569, 1, 6, 3, 0),
('ALIVER5', 569, 1, 6, 3, 0),
('ALPANI1', 1535, 1, 2, 2, 0),
('ALRDASC1', 1370, 2, 1, 2, 0),
('ALRDC1', 1371, 2, 1, 2, 0),
('ALVE1', 1840, 1, 1, 1, 0),
('ALVE2', 1840, 1, 1, 1, 0),
('ALZAG1', 1939, 2, 2, 2, 0),
('AMALIA1', 1602, 1, 5, 3, 0),
('AMCOSU1', 1528, 1, 3, 4, 0),
('AMDEGA1', 1644, 2, 1, 2, 0),
('AMELFE1', 906, 1, 6, 2, 0),
('AMELFE2', 906, 1, 6, 2, 0),
('AMEVES1', 1659, 1, 2, 2, 0),
('AMYCU1', 674, 1, 6, 1, 0),
('ANAKAR1', 1845, 1, 5, 4, 0),
('ANAST1', 204, 2, 3, 1, 0),
('ANAVE1', 1284, 2, 1, 3, 0),
('ANAVE2', 1284, 2, 1, 3, 0),
('ANAVE3', 1284, 2, 1, 3, 0),
('ANAVE4', 1284, 2, 1, 3, 0),
('ANDEBO1', 903, 1, 5, 4, 0),
('ANDECA1', 819, 1, 5, 4, 0),
('ANDEGR1', 1228, 2, 1, 2, 0),
('ANEB1', 1609, 1, 1, 4, 0),
('ANESDE1', 1189, 1, 2, 3, 0),
('ANGELI1', 1217, 2, 1, 1, 0),
('ANIACO1', 7, 1, 6, 5, 0),
('ANIACO2', 7, 1, 6, 5, 0),
('ANIFAB1', 1165, 1, 1, 1, 0),
('ANIFAB2', 1165, 1, 1, 1, 0),
('ANIFAB3', 1165, 1, 1, 1, 0),
('ANIFAB4', 1165, 1, 1, 1, 0),
('ANIFAB5', 1165, 1, 1, 1, 0),
('AÑPES1', 165, 1, 3, 5, 0),
('ANTMUN1', 1901, 1, 6, 2, 0),
('ANYMA1', 1676, 3, 1, 1, 0),
('AQMUJE1', 1852, 2, 1, 2, 0),
('AQMUJE2', 1852, 2, 1, 2, 0),
('AQUCON1', 1335, 1, 6, 5, 0),
('ARAÑAS1', 1028, 2, 2, 1, 0),
('ARCHIE1', 919, 1, 4, 3, 0),
('ARGENT1', 286, 2, 2, 1, 0),
('ARIEL1', 1599, 1, 5, 4, 0),
('ARIEL2', 1599, 1, 5, 4, 0),
('ARIEL3', 1599, 1, 5, 4, 0),
('AROLEJ1', 1828, 1, 6, 4, 0),
('ARTEPR1', 1942, 1, 3, 3, 0),
('ARTEPR2', 1942, 1, 3, 3, 0),
('ASCCU1', 1590, 1, 5, 4, 0),
('ASCCU2', 1590, 1, 5, 4, 0),
('ASMDYS1', 1436, 2, 1, 2, 0),
('ASMDYS2', 1436, 2, 1, 2, 0),
('ATDEMU1', 710, 1, 1, 1, 0),
('ATDM1', 1085, 1, 1, 1, 0),
('ATPYC1', 1352, 2, 1, 2, 0),
('ATUNOC1', 701, 1, 2, 4, 0),
('AUA1', 706, 1, 6, 5, 0),
('AUA2', 706, 1, 6, 5, 0),
('AUAA1', 708, 1, 6, 5, 0),
('AUAA2', 708, 1, 6, 5, 0),
('AUAA3', 708, 1, 6, 5, 0),
('AUAC1', 707, 1, 6, 5, 0),
('AUAC2', 707, 1, 6, 5, 0),
('AUAO1', 709, 2, 2, 3, 0),
('AUAO2', 709, 2, 2, 3, 0),
('AUAO3', 709, 2, 2, 3, 0),
('AUIEM1', 463, 1, 6, 5, 0),
('AUIEM2', 463, 1, 6, 5, 0),
('AUIEM3', 463, 1, 6, 5, 0),
('AUIEM4', 463, 1, 6, 5, 0),
('AUIIIAA1', 511, 1, 6, 5, 0),
('AUIINC1', 512, 1, 6, 5, 0),
('AUIVEI1', 464, 1, 6, 5, 0),
('AUIVEI2', 464, 1, 6, 5, 0),
('AUIVEI3', 464, 1, 6, 5, 0),
('AUIVEI4', 464, 1, 6, 5, 0),
('AUIXIT1', 466, 1, 6, 5, 0),
('AUIXIT2', 466, 1, 6, 5, 0),
('AUIXIT3', 466, 1, 6, 5, 0),
('AUIXIT4', 466, 1, 6, 5, 0),
('AUVEII1', 465, 1, 6, 5, 0),
('AUVEII2', 465, 1, 6, 5, 0),
('AUVEII3', 465, 1, 6, 5, 0),
('AUVEII4', 465, 1, 6, 5, 0),
('AUVIA1', 510, 1, 6, 5, 0),
('AUVIIAO1', 705, 1, 6, 5, 0),
('AUVIIAO2', 705, 1, 6, 5, 0),
('AUVIIAO3', 705, 1, 6, 5, 0),
('AUVOAO1', 509, 1, 6, 5, 0),
('AVDLCE1', 254, 1, 2, 4, 0),
('AVDLCM1', 485, 2, 1, 1, 0),
('AVDLCPA1', 253, 1, 6, 5, 0),
('AVDLCRM1', 60, 1, 2, 4, 0),
('AVDLCVT1', 61, 1, 2, 1, 0),
('AVENAT1', 257, 1, 2, 3, 0),
('AVOF1', 62, 2, 1, 2, 0),
('AVTAC1', 773, 2, 2, 1, 0),
('AYLM1', 1184, 1, 4, 3, 0),
('AYLM2', 1184, 1, 4, 3, 0),
('AYLM3', 1184, 1, 4, 3, 0),
('AYLM4', 1184, 1, 4, 3, 0),
('AYLM5', 1184, 1, 4, 3, 0),
('AYMES1', 46, 1, 6, 1, 0),
('AYTCGA1', 1994, 2, 1, 2, 0),
('AZELII1', 241, 1, 5, 3, 0),
('AZUAZU1', 1255, 1, 6, 6, 0),
('AZUAZU2', 1255, 1, 6, 6, 0),
('AZUL1', 1653, 2, 1, 1, 0),
('AZUL2', 1653, 2, 1, 1, 0),
('BABFIR1', 1378, 2, 3, 1, 0),
('BABU1', 1425, 1, 4, 5, 0),
('BALV1', 1640, 2, 1, 1, 0),
('BANCAP1', 409, 1, 6, 3, 0),
('BANP1', 1199, 1, 6, 1, 0),
('BBB1', 913, 1, 3, 4, 0),
('BBB2', 913, 1, 3, 4, 0),
('BCCUM1', 1749, 1, 5, 3, 0),
('BCETD1', 378, 1, 6, 2, 0),
('BCMYD1', 542, 1, 6, 2, 0),
('BDDM1', 410, 1, 5, 2, 0),
('BDO1', 1849, 1, 6, 3, 0),
('BDS1', 1760, 1, 6, 5, 0),
('BDS2', 1760, 1, 6, 5, 0),
('BDS3', 1760, 1, 6, 5, 0),
('BDS4', 1760, 1, 6, 5, 0),
('BDSYOC1', 1781, 1, 3, 4, 0),
('BDSYOC2', 1781, 1, 3, 4, 0),
('BDSYOC3', 1781, 1, 3, 4, 0),
('BDSYOC4', 1781, 1, 3, 4, 0),
('BEAMAT1', 1648, 1, 1, 1, 0),
('BEAYOH1', 269, 1, 2, 4, 0),
('BENHUR1', 1846, 1, 2, 4, 0),
('BENHUR2', 1846, 1, 2, 4, 0),
('BFDSYC1', 1880, 2, 1, 2, 0),
('BHJB1', 1269, 1, 6, 3, 0),
('BHRC1', 1270, 1, 1, 5, 0),
('BHTP1', 1271, 1, 1, 5, 0),
('BIOIII1', 69, 1, 6, 1, 0),
('BIOLOGI1', 113, 1, 1, 5, 0),
('BIOLOGI2', 113, 1, 1, 5, 0),
('BIOLOGY1', 10, 1, 3, 3, 0),
('BLDDLV1', 2, 1, 4, 2, 0),
('BMDLU1', 203, 1, 1, 5, 0),
('BNES1', 2015, 2, 1, 3, 0),
('BPADB1', 81, 1, 1, 5, 0),
('BQOB1', 1242, 1, 5, 3, 0),
('BRASIL1', 287, 1, 6, 4, 0),
('BREBE1', 956, 2, 1, 2, 0),
('BROCHA1', 214, 1, 1, 1, 0),
('BRUROT1', 1816, 1, 2, 2, 0),
('BTEAV1', 63, 1, 1, 2, 0),
('BTEAV2', 63, 1, 1, 2, 0),
('BTEAV3', 63, 1, 1, 2, 0),
('BTELGF1', 897, 1, 2, 2, 0),
('BTELGF2', 897, 1, 2, 2, 0),
('BTELSV1', 65, 1, 2, 2, 0),
('BTELSV2', 65, 1, 2, 2, 0),
('BTESXXI1', 711, 1, 2, 4, 0),
('BTESXXI2', 711, 1, 2, 4, 0),
('BTESXXI3', 711, 1, 2, 4, 0),
('BTESXXI4', 711, 1, 2, 4, 0),
('BTETYU1', 712, 1, 2, 2, 0),
('BTETYU2', 712, 1, 2, 2, 0),
('BTETYU3', 712, 1, 2, 2, 0),
('BTETYU4', 712, 1, 2, 2, 0),
('BTEYM1', 64, 1, 1, 1, 0),
('BTEYM2', 64, 1, 1, 1, 0),
('BUELNO1', 349, 3, 1, 1, 0),
('BYOP1', 1040, 1, 4, 4, 0),
('CACOJO1', 2025, 1, 2, 1, 0),
('CADEFO1', 1358, 2, 2, 1, 0),
('CADEME1', 236, 2, 2, 3, 0),
('CADEMU1', 1783, 1, 6, 3, 0),
('CADEMU2', 1783, 1, 6, 3, 0),
('CADEMU3', 1783, 1, 6, 3, 0),
('CADENU1', 1090, 1, 1, 2, 0),
('CADPLC1', 490, 2, 2, 1, 0),
('CADS1', 1772, 1, 2, 3, 0),
('CADS2', 1772, 1, 2, 3, 0),
('CAELLA1', 1812, 2, 3, 1, 0),
('CAENMA1', 1723, 2, 1, 2, 0),
('CAEYACE1', 139, 1, 6, 4, 0),
('CAEYACE2', 139, 1, 6, 4, 0),
('CAJMAG1', 29, 1, 6, 5, 0),
('CALENT1', 570, 1, 6, 2, 0),
('CALENT2', 570, 1, 6, 2, 0),
('CALIV1', 1261, 1, 1, 1, 0),
('CALIV2', 1261, 1, 1, 1, 0),
('CALMDSP1', 1817, 2, 3, 1, 0),
('CALPHF1', 863, 2, 1, 1, 0),
('CAMBIO1', 806, 1, 6, 5, 0),
('CAMEI1', 1959, 1, 5, 4, 0),
('CAMION1', 517, 1, 6, 2, 0),
('CANDID1', 1821, 1, 5, 4, 0),
('CANDID2', 1821, 1, 5, 4, 0),
('CANREL1', 2018, 2, 1, 3, 0),
('CAPAPA1', 1714, 1, 4, 4, 0),
('CAPDES1', 1526, 1, 6, 2, 0),
('CAPROJ1', 1351, 1, 5, 4, 0),
('CARACO1', 1220, 1, 5, 3, 0),
('CARACO2', 1220, 1, 5, 3, 0),
('CARDIV1', 1347, 1, 5, 4, 0),
('CARDIV2', 1347, 1, 5, 4, 0),
('CARENC1', 1832, 1, 3, 3, 0),
('CARVER1', 1859, 2, 2, 3, 0),
('CASCAN1', 1329, 1, 4, 4, 0),
('CASDI1', 395, 1, 3, 2, 0),
('CASIII1', 1150, 2, 1, 2, 0),
('CASINO1', 800, 1, 5, 4, 0),
('CAYA1', 1081, 1, 2, 3, 0),
('CAYA2', 1081, 1, 2, 3, 0),
('CAYA3', 1081, 1, 2, 3, 0),
('CAYA4', 1081, 1, 2, 3, 0),
('CAYA5', 1081, 1, 2, 3, 0),
('CAYDDS1', 1757, 2, 2, 2, 0),
('CAYDDS2', 1757, 2, 2, 2, 0),
('CAYPON1', 308, 1, 1, 4, 0),
('CCCLXVD1', 1639, 1, 6, 2, 0),
('CCDRYP1', 369, 3, 1, 1, 0),
('CCDRYP2', 369, 3, 1, 1, 0),
('CCEDDA1', 898, 1, 1, 1, 0),
('CCNS1', 341, 1, 1, 5, 0),
('CCRUR1', 1455, 1, 1, 1, 0),
('CCUB1', 1713, 1, 1, 1, 0),
('CDAOVA1', 58, 1, 5, 4, 0),
('CDBEDM1', 1089, 2, 2, 1, 0),
('CDBLMDS1', 176, 1, 6, 3, 0),
('CDBS1', 87, 1, 2, 3, 0),
('CDDM1', 1597, 1, 5, 4, 0),
('CDDUN1', 948, 1, 4, 3, 0),
('CDEGU1', 391, 1, 3, 2, 0),
('CDELB1', 390, 1, 6, 6, 0),
('CDEMG1', 1998, 1, 4, 2, 0),
('CDEQG1', 392, 1, 4, 3, 0),
('CDESE1', 208, 1, 2, 2, 0),
('CDESE2', 208, 1, 2, 2, 0),
('CDESE3', 208, 1, 2, 2, 0),
('CDHEPC1', 1138, 1, 1, 2, 0),
('CDLAA1', 200, 1, 3, 3, 0),
('CDLCALP1', 83, 1, 2, 3, 0),
('CDLCDN1', 1364, 3, 1, 1, 0),
('CDLCDN2', 1364, 3, 1, 1, 0),
('CDLE1', 1015, 1, 5, 2, 0),
('CDLE2', 1015, 1, 5, 2, 0),
('CDLLI1', 350, 2, 1, 1, 0),
('CDLLI2', 350, 2, 1, 1, 0),
('CDLLI3', 350, 2, 1, 1, 0),
('CDLLI4', 350, 2, 1, 1, 0),
('CDLLI5', 350, 2, 1, 1, 0),
('CDLPDM1', 1549, 1, 4, 4, 0),
('CDLRP1', 31, 1, 5, 4, 0),
('CDLS1', 273, 1, 6, 2, 0),
('CDPI1', 274, 1, 6, 4, 0),
('CDPIDV1', 1451, 2, 3, 1, 0),
('CDPII1', 275, 1, 6, 3, 0),
('CDSLI1', 1213, 1, 1, 1, 0),
('CDTIII1', 243, 2, 2, 3, 0),
('CDUMA1', 1583, 1, 6, 6, 0),
('CEALR1', 887, 3, 1, 1, 0),
('CEDEIZ1', 1570, 1, 5, 4, 0),
('CEDEIZ2', 1570, 1, 5, 4, 0),
('CEDEIZ3', 1570, 1, 5, 4, 0),
('CEEC1', 783, 1, 6, 3, 0),
('CELZR1', 1615, 1, 6, 3, 0),
('CELZR2', 1615, 1, 6, 3, 0),
('CENICI1', 386, 2, 1, 2, 0),
('CEPC1', 174, 1, 1, 1, 0),
('CEPDT1', 1447, 2, 1, 2, 0),
('CESCHA1', 869, 1, 5, 3, 0),
('CESCHA2', 869, 1, 5, 3, 0),
('CESEMN1', 43, 1, 1, 1, 0),
('CESGIII1', 1450, 2, 1, 2, 0),
('CESL1', 1389, 1, 2, 2, 0),
('CEVNAC1', 829, 1, 6, 2, 0),
('CGAEI1', 1568, 2, 2, 1, 0),
('CHADP1', 1230, 1, 6, 2, 0),
('CHCHRE1', 417, 2, 2, 3, 0),
('CICYM1', 142, 1, 4, 3, 0),
('CIEAFA1', 1791, 1, 1, 5, 0),
('CIEI1', 556, 1, 2, 3, 0),
('CIEII1', 557, 1, 2, 3, 0),
('CIEIII1', 1449, 1, 1, 5, 0),
('CIEVII1', 109, 1, 2, 3, 0),
('CIEVIII1', 80, 1, 2, 3, 0),
('CINBI1', 56, 1, 2, 3, 0),
('CINBII1', 55, 1, 2, 3, 0),
('CINEBII1', 128, 1, 6, 5, 0),
('CINEBVII1', 98, 1, 6, 3, 0),
('CINI1', 90, 1, 2, 3, 0),
('CINIII1', 97, 1, 2, 3, 0),
('CINNI1', 126, 1, 2, 3, 0),
('CINNIII1', 127, 1, 2, 3, 0),
('CINVIS1', 110, 1, 2, 3, 0),
('CIPATE1', 1, 1, 2, 3, 0),
('CIPI1', 1259, 1, 1, 1, 0),
('CLICI1', 1944, 1, 3, 2, 0),
('CLOC1', 1685, 1, 6, 3, 0),
('CLSSE1', 364, 1, 5, 3, 0),
('CMII1', 761, 2, 2, 1, 0),
('CMIII1', 762, 1, 2, 2, 0),
('CMNV1', 1669, 2, 2, 1, 0),
('CMNV2', 1669, 2, 2, 1, 0),
('CMPDSA1', 1099, 2, 2, 1, 0),
('CMV1', 763, 1, 6, 4, 0),
('CMVII1', 760, 2, 3, 1, 0),
('CNARCM1', 1716, 1, 5, 2, 0),
('CNARSM1', 1717, 2, 1, 2, 0),
('CNARUB1', 1719, 1, 6, 4, 0),
('CNARVA1', 1718, 1, 5, 2, 0),
('CNCG1', 120, 1, 2, 3, 0),
('CNECH1', 486, 1, 6, 2, 0),
('CNECH2', 486, 1, 6, 2, 0),
('CNECH3', 486, 1, 6, 2, 0),
('CNIAB1', 104, 1, 2, 3, 0),
('CNIIAB1', 103, 1, 2, 3, 0),
('CNIIAB2', 103, 1, 2, 3, 0),
('CNIIAB3', 103, 1, 2, 3, 0),
('CNLDLH1', 518, 1, 6, 3, 0),
('CNLSV1', 487, 1, 2, 4, 0),
('CNPADB1', 75, 1, 5, 3, 0),
('CNSADB1', 74, 1, 2, 3, 0),
('CNSGS1', 121, 1, 2, 3, 0),
('CNTQLE1', 1584, 2, 1, 1, 0),
('CNTQLE2', 1584, 2, 1, 1, 0),
('CNTQLE3', 1584, 2, 1, 1, 0),
('CNTQLE4', 1584, 2, 1, 1, 0),
('COCORI1', 1260, 1, 3, 2, 0),
('CODELE1', 1397, 3, 1, 1, 0),
('CODENI1', 940, 1, 2, 1, 0),
('COENFA1', 1368, 1, 6, 2, 0),
('COGRO1', 1700, 1, 1, 1, 0),
('COGRO2', 1700, 1, 1, 1, 0),
('COGRO3', 1700, 1, 1, 1, 0),
('COKID1', 742, 1, 6, 3, 0),
('COLAIN1', 637, 1, 6, 2, 0),
('COLANA1', 123, 1, 1, 1, 0),
('COLBLA1', 277, 1, 6, 1, 0),
('COLEST1', 1930, 1, 5, 2, 0),
('COMEI1', 1701, 1, 6, 4, 0),
('COMEII1', 1938, 1, 1, 1, 0),
('COMESC1', 1794, 1, 5, 4, 0),
('COMESP1', 1847, 3, 1, 1, 0),
('COMESP2', 1847, 3, 1, 1, 0),
('COMIAM1', 765, 1, 4, 1, 0),
('COMLEC1', 1303, 1, 2, 3, 0),
('COMPOS1', 1105, 1, 2, 3, 0),
('CONAGR1', 789, 1, 1, 1, 0),
('CONIII1', 93, 1, 6, 3, 0),
('CONIII2', 93, 1, 6, 3, 0),
('CONIV1', 94, 1, 6, 1, 0),
('CONOEQ1', 1426, 2, 1, 2, 0),
('CONUPA1', 624, 1, 1, 1, 0),
('CONV1', 95, 1, 1, 1, 0),
('CONV2', 95, 1, 1, 1, 0),
('CONV3', 95, 1, 1, 1, 0),
('CORADE1', 1646, 2, 1, 1, 0),
('CORADE2', 1646, 2, 1, 1, 0),
('CORADE3', 1646, 2, 1, 1, 0),
('CORAZO1', 1750, 2, 1, 2, 0),
('CORAZO2', 1750, 2, 1, 2, 0),
('CORAZO3', 1750, 2, 1, 2, 0),
('CORDUR1', 941, 1, 4, 3, 0),
('COUNIM1', 271, 2, 1, 2, 0),
('COUNIM2', 271, 2, 1, 2, 0),
('CPAT1', 1733, 1, 2, 3, 0),
('CPCVII1', 317, 3, 1, 1, 0),
('CPYP1', 1686, 1, 6, 2, 0),
('CQDSECH1', 586, 1, 6, 5, 0),
('CQDSEPT1', 583, 1, 6, 5, 0),
('CQDSLC1', 587, 1, 6, 5, 0),
('CQDSLO1', 424, 1, 6, 5, 0),
('CQLAVE1', 1585, 1, 6, 1, 0),
('CRDEDE1', 195, 1, 1, 1, 0),
('CRIAZU1', 1466, 1, 1, 1, 0),
('CRICAS1', 152, 2, 1, 3, 0),
('CRICAS2', 152, 2, 1, 3, 0),
('CRONIC1', 144, 1, 6, 6, 0),
('CRPERB1', 1559, 1, 6, 1, 0),
('CRUSOE1', 884, 1, 6, 6, 0),
('CRUSOE2', 884, 1, 6, 6, 0),
('CSDNPF1', 644, 2, 1, 2, 0),
('CSHLT1', 1164, 2, 1, 1, 0),
('CSHLT2', 1164, 2, 1, 1, 0),
('CSLEW1', 1798, 1, 1, 2, 0),
('CSMVII1', 130, 1, 2, 3, 0),
('CSPDV1', 1569, 2, 1, 1, 0),
('CSTI1', 721, 1, 6, 4, 0),
('CSTI2', 721, 1, 6, 4, 0),
('CSYMA1', 135, 1, 2, 4, 0),
('CSYMA8G1', 106, 2, 1, 1, 0),
('CSYMA91', 115, 1, 2, 3, 0),
('CSYMA9G1', 107, 1, 1, 1, 0),
('CSYMA9G2', 107, 1, 1, 1, 0),
('CSYMAII1', 91, 1, 2, 4, 0),
('CSYMAN1', 118, 1, 6, 5, 0),
('CSYMANG1', 84, 1, 2, 3, 0),
('CSYMAOD1', 89, 1, 2, 3, 0),
('CSYMAOG1', 119, 1, 6, 5, 0),
('CSYMAOT1', 114, 1, 2, 3, 0),
('CSYMAOU1', 57, 1, 2, 4, 0),
('CSYMAOU2', 57, 1, 2, 4, 0),
('CSYMASG1', 131, 2, 3, 1, 0),
('CSYMAV1', 92, 2, 3, 1, 0),
('CSYMAVI1', 88, 1, 1, 1, 0),
('CSYMAVII1', 136, 2, 1, 1, 0),
('CSYMAVIT1', 102, 1, 2, 3, 0),
('CSYMAVT1', 105, 1, 2, 3, 0),
('CTMC1', 1414, 1, 3, 2, 0),
('CTMC2', 1414, 1, 3, 2, 0),
('CTMC3', 1414, 1, 3, 2, 0),
('CTMC4', 1414, 1, 3, 2, 0),
('CUACA1', 985, 2, 2, 1, 0),
('CUCHO1', 1121, 1, 4, 4, 0),
('CUDEBA1', 210, 2, 3, 1, 0),
('CUDEBA2', 210, 2, 3, 1, 0),
('CUDEGR1', 1249, 2, 1, 3, 0),
('CUEAME1', 1418, 2, 3, 1, 0),
('CUECOL1', 1445, 1, 1, 2, 0),
('CUECON1', 1504, 1, 6, 3, 0),
('CUEMAG1', 921, 1, 1, 2, 0),
('CUENTA1', 1501, 1, 6, 2, 0),
('CUESTR1', 1399, 1, 4, 4, 0),
('CUESTR2', 1399, 1, 4, 4, 0),
('CUEVOL1', 1512, 1, 4, 2, 0),
('CULEH1', 1075, 1, 3, 2, 0),
('CULEI1', 1076, 1, 6, 2, 0),
('CUMISM1', 53, 1, 5, 1, 0),
('CUPANI1', 266, 1, 2, 1, 0),
('CUPANI2', 266, 1, 2, 1, 0),
('CUPATL1', 1324, 1, 4, 3, 0),
('CUYNAR1', 1580, 2, 2, 1, 0),
('CUYNAR2', 1580, 2, 2, 1, 0),
('CUZCA1', 159, 1, 3, 2, 0),
('CVDLDC1', 588, 2, 1, 1, 0),
('CVPEA1', 516, 1, 6, 6, 0),
('CYLDLA1', 354, 2, 3, 1, 0),
('CYSGA1', 1311, 1, 2, 3, 0),
('DACAR1', 246, 1, 4, 2, 0),
('DACAR2', 246, 1, 4, 2, 0),
('DALLUZ1', 1556, 1, 3, 1, 0),
('DAOLFDS1', 1747, 1, 6, 2, 0),
('DAOLFDS2', 1747, 1, 6, 2, 0),
('DAOLFDS3', 1747, 1, 6, 2, 0),
('DAOLFDS4', 1747, 1, 6, 2, 0),
('DAVCOP1', 1729, 1, 6, 1, 0),
('DAVID1', 2010, 1, 6, 3, 0),
('DBEDV1', 896, 1, 3, 2, 0),
('DCDTN1', 638, 2, 2, 1, 0),
('DCEAE1', 334, 1, 4, 5, 0),
('DCLF1', 389, 1, 3, 2, 0),
('DCLF2', 389, 1, 3, 2, 0),
('DCQCLE1', 1117, 1, 5, 3, 0),
('DCSH1', 198, 3, 1, 1, 0),
('DDLV1', 625, 2, 2, 1, 0),
('DEALAM1', 318, 1, 4, 3, 0),
('DEC1', 1443, 2, 1, 1, 0),
('DEDECO1', 843, 1, 3, 1, 0),
('DEDELT1', 289, 1, 3, 1, 0),
('DEDEMI1', 213, 1, 3, 1, 0),
('DEDESO1', 1898, 1, 6, 5, 0),
('DEE1', 1193, 2, 1, 1, 0),
('DEEE1', 914, 2, 1, 3, 0),
('DEEE2', 914, 2, 1, 3, 0),
('DELAMA1', 365, 1, 6, 2, 0),
('DELAMA2', 365, 1, 6, 2, 0),
('DELIRI1', 1862, 1, 6, 4, 0),
('DELONU1', 1995, 2, 1, 1, 0),
('DEMT1', 769, 2, 2, 1, 0),
('DEO1', 860, 2, 1, 1, 0),
('DEO2', 860, 2, 1, 1, 0),
('DEO3', 860, 2, 1, 1, 0),
('DEO4', 860, 2, 1, 1, 0),
('DEO5', 860, 2, 1, 1, 0),
('DEQTI1', 427, 1, 5, 3, 0),
('DEQTII1', 428, 1, 6, 6, 0),
('DEQTIII1', 429, 1, 6, 6, 0),
('DEQTIV1', 430, 1, 4, 5, 0),
('DEQTV1', 431, 1, 6, 3, 0),
('DEQTVI1', 432, 1, 4, 5, 0),
('DEQTVII1', 433, 1, 5, 1, 0),
('DESLIZ1', 571, 1, 4, 5, 0),
('DET1', 1070, 2, 1, 1, 0),
('DET2', 1070, 2, 1, 1, 0),
('DHHB1', 2016, 3, 1, 1, 0),
('DIALAT1', 1274, 2, 1, 1, 0),
('DICENC1', 399, 2, 2, 1, 0),
('DICEST1', 1100, 1, 2, 3, 0),
('DICIE1', 405, 1, 1, 1, 0),
('DIDEGO1', 1136, 1, 3, 1, 0),
('DIDEGO2', 1136, 1, 3, 1, 0),
('DIDEGO3', 1136, 1, 3, 1, 0),
('DIDEGO4', 1136, 1, 3, 1, 0),
('DIDEGO5', 1136, 1, 3, 1, 0),
('DIDEGO6', 1136, 1, 3, 1, 0),
('DIDSIA1', 398, 1, 3, 1, 0),
('DIEMAH1', 963, 2, 3, 1, 0),
('DIEMHZ1', 964, 1, 1, 1, 0),
('DIHIUN1', 1857, 1, 5, 3, 0),
('DILALE1', 1586, 1, 6, 1, 0),
('DIUSE1', 1477, 1, 2, 2, 0),
('DIUSE2', 1477, 1, 2, 2, 0),
('DIVCON1', 1482, 1, 6, 3, 0),
('DIVCON2', 1482, 1, 6, 3, 0),
('DIVEIE1', 407, 2, 1, 2, 0),
('DIVLEY1', 727, 1, 2, 3, 0),
('DIYPLE1', 1725, 1, 5, 4, 0),
('DLAHO1', 2029, 1, 5, 2, 0),
('DLDES1', 669, 1, 1, 5, 0),
('DLTALL1', 1837, 1, 6, 2, 0),
('DLTALL2', 1837, 1, 6, 2, 0),
('DLYDR1', 295, 2, 1, 1, 0),
('DLYDR2', 295, 2, 1, 1, 0),
('DMDSA1', 1919, 1, 6, 1, 0),
('DMIDA1', 397, 1, 5, 3, 0),
('DOBARB1', 205, 1, 1, 3, 0),
('DOBARB2', 205, 1, 1, 3, 0),
('DOBARB3', 205, 1, 1, 3, 0),
('DOBARB4', 205, 1, 1, 3, 0),
('DOBARB5', 205, 1, 1, 3, 0),
('DOBDAM1', 1619, 1, 5, 3, 0),
('DODEPA1', 1823, 2, 1, 2, 0),
('DOJUTE1', 1825, 1, 5, 2, 0),
('DOLATI1', 1417, 1, 6, 3, 0),
('DOPERF1', 1708, 1, 6, 4, 0),
('DOSESO1', 1540, 1, 1, 3, 0),
('DOSLET1', 1614, 2, 3, 1, 0),
('DQDLM1', 1878, 1, 2, 1, 0),
('DQDLM2', 1878, 1, 2, 1, 0),
('DQDLM3', 1878, 1, 2, 1, 0),
('DQEAVS1', 235, 3, 1, 1, 0),
('DQELP1', 355, 1, 6, 3, 0),
('DQELP2', 355, 1, 6, 3, 0),
('DQELP3', 355, 1, 6, 3, 0),
('DQELP4', 355, 1, 6, 3, 0),
('DQELP5', 355, 1, 6, 3, 0),
('DQELP6', 355, 1, 6, 3, 0),
('DQELP7', 355, 1, 6, 3, 0),
('DQELP8', 355, 1, 6, 3, 0),
('DQELP9', 355, 1, 6, 3, 0),
('DQNSES1', 256, 1, 6, 1, 0),
('DRAROJ1', 1200, 1, 6, 4, 0),
('DSDSU1', 1562, 1, 3, 1, 0),
('DSYLP1', 1072, 1, 1, 2, 0),
('DSYLP2', 1072, 1, 1, 2, 0),
('DTLYOC1', 811, 2, 2, 3, 0),
('DTMC1', 373, 1, 5, 2, 0),
('DTMC2', 373, 1, 5, 2, 0),
('DVLH1', 387, 1, 6, 3, 0),
('DVLH2', 387, 1, 6, 3, 0),
('EADAM1', 1536, 2, 1, 2, 0),
('EADDN1', 1412, 1, 6, 2, 0),
('EADEN1', 1721, 1, 5, 3, 0),
('EADHE1', 1434, 1, 5, 4, 0),
('EADLCP1', 1104, 1, 6, 4, 0),
('EADLV1', 1226, 1, 5, 3, 0),
('EADLV2', 1226, 1, 5, 3, 0),
('EADNA1', 1055, 2, 1, 1, 0),
('EADNA2', 1055, 2, 1, 1, 0),
('EADTO1', 888, 1, 3, 3, 0),
('EAEMI1', 337, 1, 1, 3, 0),
('EAILP1', 1008, 2, 1, 2, 0),
('EAILP10', 1008, 2, 1, 2, 0),
('EAILP11', 1008, 2, 1, 2, 0),
('EAILP12', 1008, 2, 1, 2, 0),
('EAILP13', 1008, 2, 1, 2, 0),
('EAILP14', 1008, 2, 1, 2, 0),
('EAILP15', 1008, 2, 1, 2, 0),
('EAILP16', 1008, 2, 1, 2, 0),
('EAILP17', 1008, 2, 1, 2, 0),
('EAILP18', 1008, 2, 1, 2, 0),
('EAILP2', 1008, 2, 1, 2, 0),
('EAILP3', 1008, 2, 1, 2, 0),
('EAILP4', 1008, 2, 1, 2, 0),
('EAILP5', 1008, 2, 1, 2, 0),
('EAILP6', 1008, 2, 1, 2, 0),
('EAILP7', 1008, 2, 1, 2, 0),
('EAILP8', 1008, 2, 1, 2, 0),
('EAILP9', 1008, 2, 1, 2, 0),
('EAYEB1', 1308, 1, 6, 1, 0),
('EBBTIII1', 735, 1, 4, 4, 0),
('EBDCO1', 1625, 2, 1, 2, 0),
('EBDFI1', 1889, 1, 6, 6, 0),
('EBDLL1', 1059, 1, 5, 3, 0),
('EBDLM1', 1179, 2, 2, 1, 0),
('EBDLM2', 1179, 2, 2, 1, 0),
('EBDSE1', 1929, 2, 1, 2, 0),
('EBDSE2', 1929, 2, 1, 2, 0),
('EBNSA1', 1147, 2, 1, 2, 0),
('EBNSA2', 1147, 2, 1, 2, 0),
('EBNSA3', 1147, 2, 1, 2, 0),
('EBTI1', 596, 1, 3, 1, 0),
('EBTII1', 604, 1, 4, 1, 0),
('EBTIII1', 605, 1, 6, 6, 0),
('EBTIV1', 606, 1, 5, 5, 0),
('EBTIX1', 611, 1, 5, 5, 0),
('EBTV1', 607, 1, 5, 5, 0),
('EBTVI1', 608, 1, 5, 5, 0),
('EBTVII1', 609, 1, 5, 5, 0),
('EBTVIII1', 610, 1, 5, 1, 0),
('EBTX1', 597, 1, 3, 1, 0),
('EBTXI1', 598, 1, 3, 1, 0),
('EBTXII1', 599, 1, 3, 1, 0),
('EBTXIII1', 600, 1, 4, 1, 0),
('EBTXIV1', 601, 1, 4, 1, 0),
('EBTXV1', 602, 1, 4, 1, 0),
('EBTXVI1', 603, 1, 4, 1, 0),
('EBUDII1', 305, 1, 6, 5, 0),
('EBUDII2', 305, 1, 6, 5, 0),
('EBUDIII1', 306, 1, 6, 5, 0),
('EBUDIII2', 306, 1, 6, 5, 0),
('EBUDIII3', 306, 1, 6, 5, 0),
('ECAPA1', 72, 2, 2, 1, 0),
('ECDAM1', 1191, 2, 2, 3, 0),
('ECDAM2', 1191, 2, 2, 3, 0),
('ECDCT1', 1253, 1, 1, 1, 0),
('ECDFE1', 1239, 1, 4, 3, 0),
('ECDHG1', 1905, 2, 1, 1, 0),
('ECDHS1', 855, 2, 1, 1, 0),
('ECDIR1', 1293, 2, 2, 1, 0),
('ECDLM1', 1077, 2, 3, 1, 0),
('ECDMO1', 1683, 1, 6, 5, 0),
('ECDMO2', 1683, 1, 6, 5, 0),
('ECDMO3', 1683, 1, 6, 5, 0),
('ECDOF1', 907, 1, 5, 4, 0),
('ECDPB1', 1913, 1, 6, 2, 0),
('ECDPB2', 1913, 1, 6, 2, 0),
('ECDRE1', 1175, 1, 5, 4, 0),
('ECELS1', 1726, 1, 6, 4, 0),
('ECESA1', 713, 1, 2, 2, 0),
('ECESS1', 183, 2, 1, 1, 0),
('ECHNA1', 298, 1, 3, 3, 0),
('ECHXXV1', 51, 2, 3, 1, 0),
('ECMAIII1', 1330, 3, 1, 1, 0),
('ECMSU1', 1739, 1, 1, 4, 0),
('ECQST1', 960, 1, 4, 3, 0),
('ECREI1', 1143, 2, 1, 3, 0),
('ECREI2', 1143, 2, 1, 3, 0),
('ECREI3', 1143, 2, 1, 3, 0),
('ECVHAS1', 2033, 1, 1, 1, 0),
('ECVHAS2', 2033, 1, 1, 1, 0),
('ECVI1', 589, 1, 6, 3, 0),
('ECVII1', 590, 1, 6, 3, 0),
('ECVIII1', 591, 1, 6, 3, 0),
('ECVIV1', 592, 1, 6, 3, 0),
('ECVV1', 593, 1, 6, 3, 0),
('ECYEDV1', 848, 1, 5, 2, 0),
('ECYLH1', 546, 1, 6, 3, 0),
('ECYLH2', 546, 1, 6, 3, 0),
('ECYLH3', 546, 1, 6, 3, 0),
('ECYLH4', 546, 1, 6, 3, 0),
('ECYLH5', 546, 1, 6, 3, 0),
('ECYLH6', 546, 1, 6, 3, 0),
('EDACO1', 1992, 2, 1, 3, 0),
('EDBDLB1', 1611, 1, 6, 4, 0),
('EDDCDL1', 1101, 1, 5, 2, 0),
('EDDLB1', 1403, 1, 5, 4, 0),
('EDDLXI1', 1689, 1, 4, 1, 0),
('EDDLXI2', 1689, 1, 4, 1, 0),
('EDDLXI3', 1689, 1, 4, 1, 0),
('EDEDYP1', 1962, 1, 2, 3, 0),
('EDESA1', 20, 1, 6, 5, 0),
('EDLAI1', 564, 1, 6, 3, 0),
('EDLAII1', 565, 1, 6, 3, 0),
('EDLAIII1', 566, 1, 6, 3, 0),
('EDLAIV1', 567, 1, 2, 3, 0),
('EDLVER1', 117, 1, 1, 3, 0),
('EDLVID1', 563, 1, 2, 1, 0),
('EDMALD1', 1670, 2, 1, 1, 0),
('EDMALD2', 1670, 2, 1, 1, 0),
('EDMAR1', 9, 1, 6, 5, 0),
('EDPAJA1', 1563, 1, 5, 4, 0),
('EDSDC1', 828, 2, 3, 1, 0),
('EDSDC2', 828, 2, 3, 1, 0),
('EDSDC3', 828, 2, 3, 1, 0),
('EDTIEM1', 1820, 1, 1, 3, 0),
('EEBLAN1', 1841, 1, 3, 1, 0),
('EECNLM1', 893, 2, 2, 1, 0),
('EEDLN1', 513, 1, 6, 6, 0),
('EEDMON1', 184, 1, 6, 3, 0),
('EEECUA1', 1799, 2, 1, 1, 0),
('EENIDO1', 1578, 1, 6, 3, 0),
('EEYY1', 840, 1, 1, 2, 0),
('EFCIRC1', 1958, 1, 2, 4, 0),
('EFDHAM1', 916, 1, 2, 2, 0),
('EFDHAM2', 916, 1, 2, 2, 0),
('EFDHAM3', 916, 1, 2, 2, 0),
('EFDHAM4', 916, 1, 2, 2, 0),
('EFDPAL1', 1298, 2, 1, 1, 0),
('EFLAME1', 1337, 1, 4, 3, 0),
('EFLAME2', 1337, 1, 4, 3, 0),
('EFLAME3', 1337, 1, 4, 3, 0),
('EFLAME4', 1337, 1, 4, 3, 0),
('EFLAME5', 1337, 1, 4, 3, 0),
('EFLAME6', 1337, 1, 4, 3, 0),
('EFLAME7', 1337, 1, 4, 3, 0),
('EFLAME8', 1337, 1, 4, 3, 0),
('EFRECT1', 1956, 1, 5, 2, 0),
('EFRIJO1', 302, 1, 6, 3, 0),
('EFRIJOC1', 552, 1, 5, 2, 0),
('EFRIJOC2', 552, 1, 5, 2, 0),
('EFRIJOC3', 552, 1, 5, 2, 0),
('EFRIJOC4', 552, 1, 5, 2, 0),
('EFTRIA1', 1957, 1, 5, 3, 0),
('EGAUD1', 1069, 1, 3, 4, 0),
('EGCONF1', 1738, 1, 4, 3, 0),
('EGDBE1', 1320, 1, 6, 2, 0),
('EGDBI1', 1025, 2, 1, 2, 0),
('EGDBI2', 1025, 2, 1, 2, 0),
('EGDGA1', 234, 1, 5, 3, 0),
('EGDGAC1', 837, 2, 2, 2, 0),
('EGDGAC2', 837, 2, 2, 2, 0),
('EGDROJ1', 319, 1, 2, 1, 0),
('EGDROJ2', 319, 1, 2, 1, 0),
('EGGATS1', 1001, 1, 4, 3, 0),
('EGIMPO1', 1577, 1, 2, 3, 0),
('EGMFIE1', 1600, 1, 4, 3, 0),
('EGMFIE2', 1600, 1, 4, 3, 0),
('EGPDGU1', 1362, 1, 5, 3, 0),
('EGSALT1', 1523, 2, 1, 1, 0),
('EGVIAJ1', 228, 2, 1, 2, 0),
('EHCFF1', 111, 1, 1, 4, 0),
('EHDJU1', 1454, 1, 4, 4, 0),
('EHDJU2', 1454, 1, 4, 4, 0),
('EHDJU3', 1454, 1, 4, 4, 0),
('EHDMA1', 1543, 2, 1, 3, 0),
('EHHSGM1', 1927, 1, 3, 4, 0),
('EHQLT1', 182, 3, 1, 1, 0),
('EHTERM1', 1876, 1, 6, 6, 0),
('EHYLCU1', 11, 2, 1, 2, 0),
('EIELEC1', 1265, 1, 6, 6, 0),
('EIELEC2', 1265, 1, 6, 6, 0),
('EIPBAS1', 1989, 1, 1, 3, 0),
('EJDIYA1', 755, 1, 6, 3, 0),
('EJDNDA1', 1502, 2, 2, 3, 0),
('EJDNDA2', 1502, 2, 2, 3, 0),
('EJDNDAC1', 1503, 1, 6, 1, 0),
('EJDNDAC2', 1503, 1, 6, 1, 0),
('EJDSHO1', 1229, 2, 2, 1, 0),
('EJDSHO2', 1229, 2, 2, 1, 0),
('ELABMI1', 861, 1, 6, 5, 0),
('ELADCR1', 1868, 1, 3, 1, 0),
('ELAMNU1', 757, 2, 1, 2, 0),
('ELAMNU2', 757, 2, 1, 2, 0),
('ELARCI1', 1924, 1, 4, 4, 0),
('ELARM1', 543, 1, 2, 2, 0),
('ELARR1', 551, 1, 6, 3, 0),
('ELAVTA1', 1881, 1, 5, 2, 0),
('ELAVTA2', 1881, 1, 5, 2, 0),
('ELAVTA3', 1881, 1, 5, 2, 0),
('ELBASQ1', 331, 2, 2, 1, 0),
('ELBASQ2', 331, 2, 2, 1, 0),
('ELBASQ3', 331, 2, 2, 1, 0),
('ELBASQ4', 331, 2, 2, 1, 0),
('ELBASQ5', 331, 2, 2, 1, 0),
('ELCABA1', 544, 1, 5, 3, 0),
('ELCABA2', 544, 1, 5, 3, 0),
('ELCACA1', 1235, 2, 1, 2, 0),
('ELCAER1', 545, 3, 1, 1, 0),
('ELCAER2', 545, 3, 1, 1, 0),
('ELCALN1', 1416, 1, 6, 4, 0),
('ELCHAN1', 1507, 1, 3, 1, 0),
('ELCHAN2', 1507, 1, 3, 1, 0),
('ELCHCO1', 1509, 1, 3, 1, 0),
('ELCHES1', 1510, 1, 3, 1, 0),
('ELCHNU1', 912, 1, 3, 1, 0),
('ELCID1', 805, 2, 3, 1, 0),
('ELCIR1', 926, 1, 1, 1, 0),
('ELCLI1', 68, 3, 1, 1, 0),
('ELCOCU1', 1159, 1, 5, 4, 0),
('ELCONT1', 1587, 1, 6, 3, 0),
('ELCORN1', 8, 1, 4, 1, 0),
('ELCORR1', 1196, 2, 1, 1, 0),
('ELCOYO1', 1359, 2, 1, 2, 0),
('ELCRNE1', 1914, 2, 1, 1, 0),
('ELCRNE2', 1914, 2, 1, 1, 0),
('ELCUAS1', 989, 1, 6, 2, 0),
('ELCUAS2', 989, 1, 6, 2, 0),
('ELCUAS3', 989, 1, 6, 2, 0),
('ELCUAS4', 989, 1, 6, 2, 0),
('ELCUAS5', 989, 1, 6, 2, 0),
('ELCUAS6', 989, 1, 6, 2, 0),
('ELCUHI1', 1657, 1, 6, 3, 0),
('ELDAPI1', 1453, 2, 3, 1, 0),
('ELDEAP1', 459, 3, 1, 1, 0),
('ELDEC1', 1773, 3, 1, 1, 0),
('ELDEC2', 1773, 3, 1, 1, 0),
('ELDEC3', 1773, 3, 1, 1, 0),
('ELDEGE1', 1021, 3, 1, 1, 0),
('ELDEGH1', 454, 1, 4, 5, 0),
('ELDEGI1', 462, 1, 1, 1, 0),
('ELDEHA1', 461, 1, 6, 5, 0),
('ELDEHV1', 457, 3, 1, 1, 0),
('ELDELL1', 455, 3, 1, 1, 0),
('ELDELT1', 458, 3, 1, 1, 0),
('ELDEMI1', 456, 3, 1, 1, 0),
('ELDENM1', 460, 3, 1, 1, 0),
('ELDLSE1', 1797, 2, 2, 1, 0),
('ELDLV1', 259, 1, 6, 4, 0),
('ELDMEN1', 1407, 1, 6, 4, 0),
('ELDNVR1', 138, 3, 1, 1, 0),
('ELDQSC1', 1045, 2, 1, 1, 0),
('ELDTRO1', 1554, 1, 5, 4, 0),
('ELDTRO2', 1554, 1, 5, 4, 0),
('ELDTRO3', 1554, 1, 5, 4, 0),
('ELECH1', 100, 1, 5, 4, 0),
('ELESNA1', 220, 1, 6, 3, 0),
('ELEXTR1', 758, 3, 1, 1, 0),
('ELIAS1', 2011, 3, 1, 1, 0),
('ELIBIN1', 1435, 1, 3, 3, 0),
('ELIELE1', 278, 2, 1, 2, 0),
('ELIELE2', 278, 2, 1, 2, 0),
('ELIFTR1', 1759, 1, 5, 4, 0),
('ELINFI1', 1588, 2, 1, 3, 0),
('ELINGE1', 1897, 1, 3, 2, 0),
('ELINVI1', 832, 1, 6, 4, 0),
('ELINVI2', 832, 1, 6, 4, 0),
('ELJABA1', 5, 3, 1, 1, 0),
('ELJETO1', 1553, 1, 2, 2, 0),
('ELJUGA1', 1766, 2, 1, 1, 0),
('ELMBDM1', 796, 2, 1, 1, 0),
('ELMBDM2', 796, 2, 1, 1, 0),
('ELMVUP1', 953, 1, 3, 1, 0),
('ELMVUP2', 953, 1, 3, 1, 0),
('ELMVUP3', 953, 1, 3, 1, 0),
('ELMVUP4', 953, 1, 3, 1, 0),
('ELPAMP1', 312, 1, 3, 1, 0),
('ELPAMP2', 312, 1, 3, 1, 0),
('ELPAMP3', 312, 1, 3, 1, 0),
('ELSIBL1', 1795, 2, 3, 1, 0),
('ELTESO1', 1158, 1, 5, 3, 0),
('ELTESO2', 1158, 1, 5, 3, 0),
('ELTESO3', 1158, 1, 5, 3, 0),
('ELTESO4', 1158, 1, 5, 3, 0),
('ELTESO5', 1158, 1, 5, 3, 0),
('ELTUNE1', 1547, 1, 5, 4, 0),
('ELUNEC1', 201, 1, 6, 1, 0),
('ELVDLD1', 301, 1, 5, 3, 0),
('ELVPB1', 615, 2, 2, 3, 0),
('ELVSE1', 616, 1, 2, 2, 0),
('EMANZA1', 419, 1, 3, 4, 0),
('EMAR1', 936, 2, 1, 2, 0),
('EMAR2', 936, 2, 1, 2, 0),
('EMAR3', 936, 2, 1, 2, 0),
('EMAR4', 936, 2, 1, 2, 0),
('EMCDM1', 1511, 1, 2, 5, 0),
('EMDCCH1', 752, 2, 1, 2, 0),
('EMDCCH2', 752, 2, 1, 2, 0),
('EMDCCH3', 752, 2, 1, 2, 0),
('EMDESN1', 1575, 2, 1, 1, 0),
('EMDFAM1', 1902, 1, 1, 3, 0),
('EMDIGK1', 729, 2, 1, 2, 0),
('EMDIIO1', 730, 2, 3, 1, 0),
('EMDIPS1', 731, 2, 2, 3, 0),
('EMDISL1', 1182, 2, 1, 1, 0),
('EMDITZ1', 732, 2, 3, 1, 0),
('EMDJJ1', 1506, 1, 6, 2, 0),
('EMDLN1', 226, 2, 3, 1, 0),
('EMDLN2', 226, 2, 3, 1, 0),
('EMDLP1', 798, 1, 2, 5, 0),
('EMDPAS1', 1917, 1, 6, 3, 0),
('EMDSIT1', 1664, 1, 6, 5, 0),
('EMFAM1', 99, 1, 4, 2, 0),
('EMILI1', 1088, 1, 3, 1, 0),
('EMMDNI1', 21, 1, 6, 2, 0),
('EMOTO1', 1155, 1, 3, 1, 0),
('EMOTO2', 1155, 1, 3, 1, 0),
('EMPUJA1', 572, 1, 3, 1, 0),
('EMQNRO1', 562, 2, 1, 2, 0),
('EMSDLN1', 820, 2, 1, 2, 0),
('EMVAGO1', 977, 1, 5, 4, 0),
('EMVAGO2', 977, 1, 5, 4, 0),
('EMVAGO3', 977, 1, 5, 4, 0),
('EMVAGO4', 977, 1, 5, 4, 0),
('EMVITA1', 1671, 1, 1, 1, 0),
('EMVITA2', 1671, 1, 1, 1, 0),
('EMYCIV1', 1393, 1, 2, 2, 0),
('EMYERO1', 1116, 1, 3, 3, 0),
('EMYERO2', 1116, 1, 3, 3, 0),
('EMYERO3', 1116, 1, 3, 3, 0),
('ENBACH1', 1267, 1, 4, 6, 0),
('ENCOAM1', 1306, 2, 1, 2, 0),
('ENCORO1', 1305, 3, 1, 1, 0),
('ENCORO2', 1305, 3, 1, 1, 0),
('ENCORO3', 1305, 3, 1, 1, 0),
('ENCOVE1', 1307, 1, 2, 2, 0),
('ENDESA1', 1327, 1, 6, 3, 0),
('ENDMARI1', 846, 1, 4, 6, 0),
('ENDPAP1', 771, 1, 4, 6, 0),
('ENENVU1', 972, 1, 4, 6, 0),
('ENFRIA1', 573, 1, 4, 3, 0),
('ENFRIA2', 573, 1, 4, 3, 0),
('ENFYSM1', 1681, 1, 4, 6, 0),
('ENGBD1', 416, 2, 1, 1, 0),
('ENGEC1', 585, 3, 1, 1, 0),
('ENGRM1', 594, 3, 1, 1, 0),
('ENMAIC1', 1355, 1, 4, 6, 0),
('ENPANA1', 1356, 1, 4, 6, 0),
('ENQBAA1', 870, 1, 4, 6, 0),
('ENQNDN1', 1530, 1, 4, 6, 0),
('ENSAYO1', 140, 1, 6, 4, 0),
('ENSLIT1', 1873, 1, 1, 2, 0),
('EODLL1', 1518, 1, 6, 5, 0),
('EOFAB1', 1279, 1, 6, 2, 0),
('EOIDO1', 1252, 1, 6, 3, 0),
('EOIDO2', 1252, 1, 6, 3, 0),
('EOQNLE1', 268, 1, 7, 3, 0),
('EPADC1', 1867, 1, 6, 3, 0),
('EPAMA1', 1765, 2, 1, 1, 0),
('EPAZU1', 1084, 1, 3, 3, 0),
('EPCCYR1', 756, 2, 2, 3, 0),
('EPCDYD1', 335, 1, 3, 4, 0),
('EPDEGI1', 1731, 1, 6, 2, 0),
('EPDLC1', 1410, 1, 5, 4, 0),
('EPDLE1', 359, 1, 5, 2, 0),
('EPDLG1', 1735, 1, 6, 3, 0),
('EPDPEC1', 904, 2, 2, 3, 0),
('EPDZE1', 1695, 1, 6, 2, 0),
('EPELO1', 547, 1, 6, 5, 0),
('EPENFE1', 240, 1, 6, 5, 0),
('EPENFE2', 240, 1, 6, 5, 0),
('EPENM1', 39, 2, 3, 1, 0),
('EPERIO1', 420, 2, 3, 1, 0),
('EPERIO2', 420, 2, 3, 1, 0),
('EPFELI1', 1332, 2, 1, 2, 0),
('EPFEO1', 1333, 1, 6, 3, 0),
('EPLATA1', 553, 1, 3, 3, 0),
('EPLDLV1', 28, 1, 5, 2, 0),
('EPLOCO1', 918, 3, 1, 1, 0),
('EPMCP1', 1297, 1, 1, 1, 0),
('EPORQ1', 1054, 2, 3, 1, 0),
('EPORQ2', 1054, 2, 3, 1, 0),
('EPPITO1', 1696, 1, 6, 2, 0),
('EPPITO2', 1696, 1, 6, 2, 0),
('EPPITO3', 1696, 1, 6, 2, 0),
('EPPITO4', 1696, 1, 6, 2, 0),
('EPQVI1', 2022, 1, 3, 2, 0),
('EPRINC1', 1886, 2, 1, 1, 0),
('EPSIMB1', 353, 3, 1, 1, 0),
('EPSIMB2', 353, 3, 1, 1, 0),
('EPTOC1', 279, 1, 3, 1, 0),
('EPTROT1', 342, 1, 3, 3, 0),
('EPYEM1', 1262, 1, 1, 1, 0),
('EPYLG1', 1774, 1, 3, 2, 0),
('EPYLMA1', 1132, 2, 1, 2, 0),
('EPYLP1', 2030, 1, 1, 2, 0),
('EQHES1', 1896, 2, 1, 1, 0),
('ERART1', 1063, 1, 6, 4, 0),
('ERARTD1', 1064, 1, 6, 4, 0),
('ERCOLI1', 231, 1, 4, 3, 0),
('ERDDG1', 1888, 2, 1, 1, 0),
('ERDDG2', 1888, 2, 1, 1, 0),
('ERDES1', 1672, 2, 1, 2, 0),
('ERDLB1', 1850, 1, 5, 4, 0),
('ERDLDI1', 1866, 2, 3, 1, 0),
('ERDLIE1', 1102, 2, 1, 2, 0),
('ERDLIE2', 1102, 2, 1, 2, 0),
('ERDLIE3', 1102, 2, 1, 2, 0),
('ERDLL1', 838, 3, 1, 1, 0),
('ERDLM1', 1458, 1, 3, 3, 0),
('ERDLS1', 1402, 1, 6, 3, 0),
('ERDTG1', 1456, 2, 1, 3, 0),
('ERDTG2', 1456, 2, 1, 3, 0),
('ERDTG3', 1456, 2, 1, 3, 0),
('ERDTG4', 1456, 2, 1, 3, 0),
('ERENA1', 1890, 1, 6, 2, 0),
('EREUNI1', 1204, 1, 5, 4, 0),
('ERMAGI1', 1884, 2, 1, 3, 0),
('ERMOCH1', 844, 1, 2, 3, 0),
('ERMOCH2', 844, 1, 2, 3, 0),
('ERNEM1', 1439, 1, 6, 4, 0),
('ERNEM2', 1439, 1, 6, 4, 0),
('ERNEM3', 1439, 1, 6, 4, 0),
('ERNEM4', 1439, 1, 6, 4, 0),
('ERNEM5', 1439, 1, 6, 4, 0),
('ERNEM6', 1439, 1, 6, 4, 0),
('ERPRES1', 1340, 1, 6, 4, 0),
('ERSANI1', 225, 2, 1, 1, 0),
('ERSANI2', 225, 2, 1, 1, 0),
('ERSECR1', 2028, 2, 1, 2, 0),
('ERYOC1', 1885, 1, 6, 2, 0),
('ESCALP1', 1632, 2, 2, 1, 0),
('ESCALP2', 1632, 2, 2, 1, 0),
('ESCBII1', 621, 1, 2, 2, 0),
('ESCCI1', 285, 3, 1, 1, 0),
('ESCDNG1', 639, 1, 5, 4, 0),
('ESCDO1', 657, 1, 4, 1, 0),
('ESCDVII1', 677, 1, 2, 4, 0),
('ESCDVII2', 677, 1, 2, 4, 0),
('ESCDVII3', 677, 1, 2, 4, 0),
('ESCDVII4', 677, 1, 2, 4, 0),
('ESCIX1', 654, 2, 1, 2, 0),
('ESCIX2', 654, 2, 1, 2, 0),
('ESCMII1', 664, 1, 2, 2, 0),
('ESCNG1', 679, 1, 1, 3, 0),
('ESCNG2', 679, 1, 1, 3, 0),
('ESCOG1', 642, 1, 1, 3, 0),
('ESCOGC1', 690, 1, 2, 3, 0),
('ESCPAB1', 633, 2, 2, 2, 0),
('ESCPAB2', 633, 2, 2, 2, 0),
('ESCPB1', 641, 1, 2, 4, 0),
('ESCPB2', 641, 1, 2, 4, 0),
('ESCSAB1', 656, 1, 1, 3, 0),
('ESCSB1', 640, 1, 2, 4, 0),
('ESCSG1', 643, 1, 5, 4, 0),
('ESCSGC1', 680, 1, 2, 1, 0),
('ESCTCO1', 622, 1, 3, 4, 0),
('ESCVII1', 653, 1, 2, 4, 0),
('ESCVIII1', 655, 1, 1, 1, 0),
('ESDEGL1', 1715, 1, 2, 3, 0),
('ESDLB1', 1236, 1, 7, 1, 0),
('ESDLN1', 1843, 1, 6, 3, 0),
('ESDLN2', 1843, 1, 6, 3, 0),
('ESDLN3', 1843, 1, 6, 3, 0),
('ESDOT1', 218, 1, 4, 3, 0),
('ESDPL1', 979, 1, 4, 2, 0),
('ESDXE1', 768, 3, 1, 1, 0),
('ESECON1', 178, 2, 2, 3, 0),
('ESEDES1', 1673, 1, 1, 2, 0),
('ESEII1', 1531, 1, 6, 3, 0),
('ESEIII1', 1532, 1, 6, 5, 0),
('ESETRA1', 153, 1, 6, 3, 0),
('ESEVI1', 1534, 2, 1, 2, 0),
('ESLTEH1', 151, 3, 1, 1, 0),
('ESLTP1', 689, 1, 5, 4, 0),
('ESMONO1', 207, 1, 5, 1, 0),
('ESOCIAL1', 648, 1, 1, 3, 0),
('ESOCII1', 649, 1, 1, 3, 0),
('ESOCIII1', 650, 1, 1, 3, 0),
('ESOCIV1', 685, 1, 1, 3, 0),
('ESOCV1', 661, 1, 1, 3, 0),
('ESOCVI1', 652, 1, 1, 3, 0),
('ESOCVI2', 652, 1, 1, 3, 0),
('ESODV1', 666, 1, 1, 3, 0),
('ESODV2', 666, 1, 1, 3, 0),
('ESODV3', 666, 1, 1, 3, 0),
('ESODVI1', 667, 1, 1, 3, 0),
('ESODVI2', 667, 1, 1, 3, 0),
('ESODVI3', 667, 1, 1, 3, 0),
('ESOI1', 647, 1, 1, 3, 0),
('ESOII1', 645, 1, 1, 3, 0),
('ESOII2', 645, 1, 1, 3, 0),
('ESOIII1', 646, 1, 2, 3, 0),
('ESOIV1', 665, 1, 1, 3, 0),
('ESOV1', 651, 1, 1, 3, 0),
('ESOVI1', 620, 1, 1, 3, 0),
('ESPADB1', 672, 1, 1, 3, 0),
('ESPADB2', 672, 1, 1, 3, 0),
('ESPAI1', 1110, 2, 1, 2, 0),
('ESPAIII1', 1111, 1, 2, 4, 0),
('ESPANV1', 1299, 1, 1, 1, 0),
('ESPATA1', 1035, 1, 6, 6, 0),
('ESPAV1', 1119, 1, 1, 5, 0),
('ESPAVI1', 1300, 1, 2, 3, 0),
('ESPAVII1', 1243, 1, 1, 3, 0),
('ESPRES1', 1539, 1, 5, 3, 0),
('ESPRES2', 1539, 1, 5, 3, 0),
('ESPRES3', 1539, 1, 5, 3, 0),
('ESPRES4', 1539, 1, 5, 3, 0),
('ESPRES5', 1539, 1, 5, 3, 0),
('ESPRES6', 1539, 1, 5, 3, 0),
('ESPRVI1', 623, 1, 1, 3, 0),
('ESPVOL1', 997, 1, 3, 1, 0),
('ESPVOL2', 997, 1, 3, 1, 0),
('ESTABU1', 831, 1, 1, 3, 0),
('ESTG1', 617, 1, 1, 3, 0),
('ESTGII1', 682, 1, 1, 3, 0),
('ESTQUI1', 316, 1, 6, 3, 0),
('ESUPER1', 413, 1, 1, 1, 0),
('ESVYOC1', 1517, 2, 1, 2, 0),
('ESYESM1', 787, 2, 1, 1, 0),
('ESYESM2', 787, 2, 1, 1, 0),
('ETADB1', 96, 1, 6, 4, 0),
('ETDMM1', 1400, 2, 1, 1, 0),
('ETDMM2', 1400, 2, 1, 1, 0),
('ETDPZ1', 1134, 1, 3, 2, 0),
('ETDTRE1', 1690, 3, 1, 1, 0),
('ETEDUC1', 810, 1, 5, 4, 0),
('ETEEST1', 408, 3, 1, 1, 0),
('ETELHO1', 145, 1, 3, 4, 0),
('ETELVI1', 775, 2, 1, 2, 0),
('ETQPSR1', 229, 1, 5, 3, 0),
('ETQPSR2', 229, 1, 5, 3, 0),
('ETWILLI1', 1092, 2, 2, 1, 0),
('EUNIVE1', 66, 2, 1, 1, 0),
('EURIMA1', 1221, 1, 1, 2, 0),
('EURIMA2', 1221, 1, 1, 2, 0),
('EVCONT1', 1446, 1, 5, 2, 0),
('EVCONT2', 1446, 1, 5, 2, 0),
('EVCONT3', 1446, 1, 5, 2, 0),
('EVDCAB1', 1758, 1, 6, 1, 0),
('EVDLHUM1', 2023, 1, 3, 1, 0),
('EVEII1', 750, 1, 6, 5, 0),
('EVEIIB1', 751, 2, 2, 1, 0),
('EVEIII1', 749, 1, 2, 2, 0),
('EVEIIIA1', 748, 2, 1, 2, 0),
('EVENAD1', 1195, 2, 2, 1, 0),
('EVNEGR1', 1728, 1, 6, 6, 0),
('EVPERD1', 1712, 1, 2, 2, 0),
('EVSFIN1', 2012, 2, 2, 1, 0),
('EVSLUZ1', 1834, 1, 5, 2, 0),
('EVUDES1', 993, 1, 1, 4, 0),
('EVUDES2', 993, 1, 1, 4, 0),
('EVUDES3', 993, 1, 1, 4, 0),
('EVYEMA1', 1754, 1, 6, 5, 0),
('EVYEMA2', 1754, 1, 6, 5, 0),
('EVYEMA3', 1754, 1, 6, 5, 0),
('EVYEMA4', 1754, 1, 6, 5, 0),
('EVYEMA5', 1754, 1, 6, 5, 0),
('EYECOL1', 54, 1, 1, 3, 0),
('EZYECU1', 321, 2, 1, 2, 0),
('EZYLUV1', 1163, 1, 6, 3, 0),
('EZYLUV2', 1163, 1, 6, 3, 0),
('FABANI1', 1186, 1, 1, 5, 0),
('FABULA1', 1844, 1, 6, 2, 0),
('FABULA2', 1844, 1, 6, 2, 0),
('FANGOS1', 983, 1, 6, 4, 0),
('FARENH1', 1906, 1, 1, 5, 0),
('FAUSTO1', 1809, 1, 6, 4, 0),
('FAUSTO2', 1809, 1, 6, 4, 0),
('FAYBU1', 1339, 1, 1, 5, 0),
('FCITEA1', 12, 1, 6, 3, 0),
('FCVELA1', 281, 1, 6, 3, 0),
('FDASR1', 532, 1, 1, 5, 0),
('FDAST1', 533, 2, 1, 1, 0),
('FDDIA1', 1201, 1, 6, 4, 0),
('FDPVA1', 1007, 1, 6, 2, 0),
('FDPVA2', 1007, 1, 6, 2, 0),
('FDQUIM1', 116, 1, 6, 2, 0),
('FDSAMA1', 1006, 1, 1, 5, 0),
('FEFLAM1', 1316, 1, 4, 2, 0),
('FEFLAM2', 1316, 1, 4, 2, 0),
('FEFLAM3', 1316, 1, 4, 2, 0),
('FEGUEP1', 1074, 1, 1, 1, 0),
('FGADN1', 1822, 1, 6, 3, 0),
('FHOME1', 1661, 2, 2, 1, 0),
('FHOME2', 1661, 2, 2, 1, 0),
('FHOME3', 1661, 2, 2, 1, 0),
('FHOME4', 1661, 2, 2, 1, 0),
('FHOME5', 1661, 2, 2, 1, 0),
('FIESTA1', 1037, 2, 1, 1, 0),
('FIESTA2', 1037, 2, 1, 1, 0),
('FILII1', 33, 1, 5, 4, 0),
('FIRERC1', 190, 1, 5, 3, 0),
('FISCI1', 693, 1, 3, 3, 0),
('FISCII1', 695, 1, 5, 4, 0),
('FISCIII1', 696, 1, 2, 2, 0),
('FISCIV1', 697, 1, 3, 2, 0),
('FISII1', 694, 1, 6, 4, 0),
('FLDESP1', 1376, 1, 6, 5, 0),
('FLDESP2', 1376, 1, 6, 5, 0),
('FLOTAR1', 347, 1, 5, 4, 0),
('FLPELI1', 865, 2, 3, 1, 0),
('FMNESC1', 1769, 1, 1, 1, 0),
('FMVIDA1', 1792, 1, 1, 3, 0),
('FOCIETI1', 47, 1, 6, 5, 0),
('FOUCHE1', 1921, 1, 1, 1, 0),
('FPEDCI1', 125, 2, 1, 1, 0),
('FPELGU1', 1133, 1, 1, 1, 0),
('FPLPNI1', 920, 1, 1, 5, 0),
('FSDROS1', 908, 1, 6, 4, 0),
('FSTI1', 155, 1, 2, 1, 0),
('FSTII1', 156, 1, 1, 5, 0),
('FSTIII1', 157, 1, 4, 4, 0),
('FSTIV1', 158, 1, 6, 1, 0),
('FUAGBU1', 1287, 1, 4, 3, 0),
('FUAGBU2', 1287, 1, 4, 3, 0),
('FUEOVE1', 1763, 1, 1, 4, 0),
('FUEOVE2', 1763, 1, 1, 4, 0),
('FUEOVE3', 1763, 1, 1, 4, 0),
('FUEOVE4', 1763, 1, 1, 4, 0),
('FYELOB1', 794, 1, 1, 1, 0),
('FYELOB2', 794, 1, 1, 1, 0),
('FYSPLA1', 108, 1, 1, 4, 0),
('GAATDT1', 488, 1, 2, 2, 0),
('GAATDT2', 488, 1, 2, 2, 0),
('GAATDT3', 488, 1, 2, 2, 0),
('GAATDT4', 488, 1, 2, 2, 0),
('GAATDT5', 488, 1, 2, 2, 0),
('GAATDT6', 488, 1, 2, 2, 0),
('GABDD1', 265, 1, 6, 5, 0),
('GAJOHA1', 1207, 1, 1, 1, 0),
('GASOL1', 1687, 2, 1, 1, 0),
('GAUGIN1', 255, 1, 6, 6, 0),
('GDLENS1', 836, 1, 6, 5, 0),
('GDMTIE1', 1722, 1, 2, 2, 0),
('GEAMCE1', 678, 2, 1, 2, 0),
('GEI1', 467, 3, 1, 1, 0),
('GEI2', 467, 3, 1, 1, 0),
('GEI3', 467, 3, 1, 1, 0),
('GEII1', 473, 2, 1, 3, 0),
('GEII2', 473, 2, 1, 3, 0),
('GEII3', 473, 2, 1, 3, 0),
('GEIII1', 474, 3, 1, 1, 0),
('GEIII2', 474, 3, 1, 1, 0),
('GEIV1', 475, 2, 2, 1, 0),
('GEIV2', 475, 2, 2, 1, 0),
('GEIV3', 475, 2, 2, 1, 0),
('GEIX1', 480, 1, 6, 3, 0),
('GEIX2', 480, 1, 6, 3, 0),
('GEIX3', 480, 1, 6, 3, 0),
('GEOME1', 1981, 1, 6, 5, 0),
('GEOUNI1', 691, 2, 1, 1, 0),
('GESVI1', 244, 1, 5, 4, 0),
('GETIMT1', 688, 1, 1, 1, 0),
('GEV1', 476, 1, 5, 4, 0),
('GEV2', 476, 1, 5, 4, 0),
('GEV3', 476, 1, 5, 4, 0),
('GEVI1', 477, 1, 4, 3, 0),
('GEVI2', 477, 1, 4, 3, 0),
('GEVI3', 477, 1, 4, 3, 0),
('GEVII1', 478, 1, 2, 3, 0),
('GEVII2', 478, 1, 2, 3, 0),
('GEVII3', 478, 1, 2, 3, 0),
('GEVIII1', 479, 1, 6, 2, 0),
('GEVIII2', 479, 1, 6, 2, 0),
('GEVIII3', 479, 1, 6, 2, 0),
('GEX1', 468, 1, 5, 4, 0),
('GEX2', 468, 1, 5, 4, 0),
('GEX3', 468, 1, 5, 4, 0),
('GEXI1', 469, 1, 2, 3, 0),
('GEXI2', 469, 1, 2, 3, 0),
('GEXII1', 470, 1, 2, 3, 0),
('GEXII2', 470, 1, 2, 3, 0),
('GEXII3', 470, 1, 2, 3, 0),
('GEXIII1', 471, 1, 1, 1, 0),
('GEXIII2', 471, 1, 1, 1, 0),
('GEXIII3', 471, 1, 1, 1, 0),
('GEXIII4', 471, 1, 1, 1, 0),
('GEXIV1', 472, 1, 2, 3, 0),
('GEXIV2', 472, 1, 2, 3, 0),
('GIMIII1', 313, 1, 6, 5, 0),
('GIRIMA1', 1473, 1, 1, 1, 0),
('GLYLI1', 1366, 1, 1, 1, 0),
('GLYLI2', 1366, 1, 1, 1, 0),
('GLYLII1', 1367, 1, 1, 1, 0),
('GNC1', 193, 1, 4, 2, 0),
('GNC2', 193, 1, 4, 2, 0),
('GPEIT1', 1966, 1, 6, 4, 0),
('GPLMIE1', 1130, 1, 1, 1, 0),
('GPNIV1', 1960, 1, 6, 4, 0),
('GQFALB1', 224, 3, 1, 1, 0),
('GRAFOL1', 835, 1, 1, 1, 0),
('GRAILU1', 1118, 1, 6, 5, 0),
('GRAREL1', 922, 1, 3, 3, 0),
('GRATAT1', 715, 1, 5, 3, 0),
('GSISI1', 632, 2, 1, 1, 0),
('GSISI2', 632, 2, 1, 1, 0),
('GSISII1', 631, 1, 3, 3, 0),
('GUAII1', 722, 2, 1, 3, 0),
('GUITEL1', 1019, 1, 4, 1, 0),
('GVAEA1', 659, 1, 6, 3, 0),
('GVAEA2', 659, 1, 6, 3, 0),
('GVDUEA1', 702, 1, 1, 2, 0),
('GVDUEA2', 702, 1, 1, 2, 0),
('GVDUEA3', 702, 1, 1, 2, 0),
('GVUER1', 703, 1, 6, 5, 0),
('GVUER2', 703, 1, 6, 5, 0),
('GVUERA1', 704, 1, 6, 5, 0),
('HABPAP1', 1027, 1, 1, 1, 0),
('HABSID1', 78, 1, 1, 5, 0),
('HAHLC1', 1192, 1, 5, 1, 0),
('HAMARI1', 718, 1, 1, 1, 0),
('HAMII1', 1937, 1, 6, 2, 0),
('HAMLET1', 1934, 1, 4, 6, 0),
('HAMLET2', 1934, 1, 4, 6, 0),
('HAMLET3', 1934, 1, 4, 6, 0),
('HAMLET4', 1934, 1, 4, 6, 0),
('HAMLET5', 1934, 1, 4, 6, 0),
('HAYLNF1', 932, 1, 5, 1, 0),
('HCACTO1', 233, 1, 6, 3, 0),
('HCACTO2', 233, 1, 6, 3, 0),
('HCLMUE1', 1628, 1, 5, 4, 0),
('HCLMUE2', 1628, 1, 5, 4, 0),
('HCLMUE3', 1628, 1, 5, 4, 0),
('HCOLLA1', 276, 1, 1, 5, 0),
('HCPCES1', 215, 1, 6, 4, 0),
('HCYDM1', 774, 2, 2, 1, 0),
('HDACON1', 699, 1, 5, 1, 0),
('HDAMER1', 698, 1, 5, 1, 0),
('HDAMER2', 698, 1, 5, 1, 0),
('HDAMER3', 698, 1, 5, 1, 0),
('HDANDR1', 1872, 1, 3, 4, 0),
('HDANDR2', 1872, 1, 3, 4, 0),
('HDANDR3', 1872, 1, 3, 4, 0),
('HDCAI1', 168, 1, 5, 1, 0),
('HDCAII1', 723, 1, 5, 1, 0),
('HDICII1', 628, 2, 1, 2, 0),
('HDMRO1', 1912, 1, 6, 3, 0),
('HDPASC1', 1039, 1, 5, 4, 0),
('HEIDI1', 1811, 1, 5, 1, 0),
('HELHIS1', 1895, 1, 4, 4, 0),
('HELIOS1', 1674, 1, 5, 1, 0),
('HHNUPR1', 995, 1, 2, 1, 0),
('HHNUPR2', 995, 1, 2, 1, 0),
('HHNUPR3', 995, 1, 2, 1, 0),
('HHNUPR4', 995, 1, 2, 1, 0),
('HIDESE1', 1128, 2, 2, 1, 0),
('HIPADO1', 973, 3, 1, 1, 0),
('HJHDM1', 1020, 3, 1, 1, 0),
('HLNMYT1', 146, 1, 1, 1, 0),
('HLYRPE1', 1381, 1, 2, 4, 0),
('HLYRPE2', 1381, 1, 2, 4, 0),
('HMDME1', 714, 1, 5, 2, 0),
('HMLUCI1', 910, 2, 1, 2, 0),
('HMVII1', 1177, 1, 6, 2, 0),
('HNESI1', 76, 2, 3, 1, 0),
('HNESI2', 76, 2, 3, 1, 0),
('HNESI3', 76, 2, 3, 1, 0),
('HNESII1', 77, 2, 2, 1, 0),
('HNESII2', 77, 2, 2, 1, 0),
('HNESII3', 77, 2, 2, 1, 0),
('HNNIDO1', 327, 1, 4, 6, 0),
('HNNIDO2', 327, 1, 4, 6, 0),
('HNULIB1', 949, 1, 1, 1, 0),
('HNZINV1', 411, 2, 1, 3, 0),
('HNZVER1', 412, 3, 1, 1, 0),
('HOMCIT1', 1853, 1, 2, 1, 0),
('HOMCIT2', 1853, 1, 2, 1, 0),
('HOMNAC1', 194, 1, 1, 1, 0),
('HOMNAC2', 194, 1, 1, 1, 0),
('HOMNAC3', 194, 1, 1, 1, 0),
('HOMNAC4', 194, 1, 1, 1, 0),
('HOYOS1', 1198, 1, 4, 3, 0),
('HPPVU1', 990, 2, 1, 2, 0),
('HQM1', 1398, 1, 2, 2, 0),
('HSMUSI1', 393, 1, 5, 1, 0),
('HSMUSI2', 393, 1, 5, 1, 0),
('HSUPIR1', 1353, 2, 2, 1, 0),
('HSYTD1', 937, 2, 3, 1, 0),
('HUASIP1', 1815, 1, 5, 3, 0),
('HUASIP2', 1815, 1, 5, 3, 0),
('HUASIP3', 1815, 1, 5, 3, 0),
('HUCFIN1', 1870, 1, 6, 5, 0),
('HUCFIN2', 1870, 1, 6, 5, 0),
('HUCFIN3', 1870, 1, 6, 5, 0),
('HUCFIN4', 1870, 1, 6, 5, 0),
('HUCFIN5', 1870, 1, 6, 5, 0),
('HUCFIN6', 1870, 1, 6, 5, 0),
('HUDLLI1', 1541, 1, 3, 4, 0),
('HUII1', 523, 1, 4, 4, 0),
('HUIII1', 524, 1, 5, 3, 0),
('HUIV1', 525, 1, 1, 1, 0),
('HUIX1', 526, 1, 5, 4, 0),
('HUMO1', 808, 1, 6, 6, 0),
('HUV1', 527, 1, 6, 6, 0),
('HUVI1', 528, 1, 6, 2, 0),
('HUVII1', 529, 2, 1, 1, 0),
('HUVIII1', 530, 2, 1, 1, 0),
('HUX1', 531, 1, 6, 4, 0),
('HVDUPR1', 1068, 1, 5, 4, 0),
('HVOUAM1', 223, 2, 1, 3, 0),
('HVOUAM2', 223, 2, 1, 3, 0),
('IAIISI1', 282, 2, 1, 3, 0),
('IALCS1', 658, 1, 5, 3, 0),
('IALCS2', 658, 1, 5, 3, 0),
('IAPFIL1', 13, 1, 4, 3, 0),
('IAPFIL2', 13, 1, 4, 3, 0),
('IASUB1', 890, 1, 2, 2, 0),
('IDAYE1', 1548, 1, 6, 2, 0),
('IDLVIAD1', 868, 1, 6, 6, 0),
('IDOPAL1', 1707, 2, 1, 2, 0),
('IDORO1', 809, 1, 5, 3, 0),
('IDPED1', 34, 2, 1, 3, 0),
('IGUDIF1', 619, 1, 2, 3, 0),
('IHNPNT1', 799, 2, 1, 2, 0),
('IHUELE1', 296, 1, 6, 2, 0),
('IHUTELC1', 297, 1, 6, 2, 0),
('INCKAM1', 885, 2, 3, 1, 0),
('INCOII1', 736, 1, 4, 4, 0),
('INCOIIW1', 737, 2, 2, 1, 0),
('INGUNI1', 747, 1, 1, 1, 0),
('INVEI1', 1622, 1, 4, 1, 0),
('INVEII1', 1623, 1, 2, 1, 0),
('INVIER1', 574, 1, 1, 1, 0),
('IRONI1', 1819, 1, 1, 1, 0),
('ISPELE1', 978, 3, 1, 1, 0),
('IUCUEN1', 824, 3, 1, 1, 0),
('IVHO1', 1515, 1, 6, 3, 0),
('IVHO2', 1515, 1, 6, 3, 0),
('IVHOC1', 1516, 1, 4, 4, 0),
('IVHOC2', 1516, 1, 4, 4, 0),
('JACCUE1', 878, 1, 6, 3, 0),
('JARAGU1', 188, 2, 3, 1, 0),
('JBAAJE1', 50, 2, 2, 2, 0),
('JCLCDA1', 2017, 2, 2, 3, 0),
('JDJVR1', 189, 2, 2, 3, 0),
('JICTRI1', 141, 2, 1, 1, 0),
('JICTRI2', 141, 2, 1, 1, 0),
('JMJDB1', 1146, 1, 5, 4, 0),
('JMJDB2', 1146, 1, 5, 4, 0),
('JUAPI1', 1420, 1, 1, 1, 0),
('JUAPII1', 1421, 1, 6, 2, 0),
('JUARUL1', 1638, 3, 1, 1, 0),
('JUARUL2', 1638, 3, 1, 1, 0),
('JUARUL3', 1638, 3, 1, 1, 0),
('JUARUL4', 1638, 3, 1, 1, 0),
('JUARUL5', 1638, 3, 1, 1, 0),
('JUARUL6', 1638, 3, 1, 1, 0),
('JUARUL7', 1638, 3, 1, 1, 0),
('JUARUL8', 1638, 3, 1, 1, 0),
('JUJUJE1', 864, 1, 6, 5, 0),
('JUNIOR1', 367, 1, 5, 2, 0),
('JUNIOR2', 367, 1, 5, 2, 0),
('JUNIOR3', 367, 1, 5, 2, 0),
('JUNIOR4', 367, 1, 5, 2, 0),
('JUNIOR5', 367, 1, 5, 2, 0),
('JUNIOR6', 367, 1, 5, 2, 0),
('JURUBA1', 1892, 2, 2, 3, 0),
('JUSAGA1', 1910, 2, 3, 1, 0),
('JUSAGA2', 1910, 2, 3, 1, 0),
('JUSAGA3', 1910, 2, 3, 1, 0),
('JUSAGA4', 1910, 2, 3, 1, 0),
('JUSAGA5', 1910, 2, 3, 1, 0),
('JUSAGA6', 1910, 2, 3, 1, 0),
('JUSEGO1', 1591, 1, 5, 2, 0),
('JUSEGO2', 1591, 1, 5, 2, 0),
('JYLCDR1', 967, 1, 6, 6, 0),
('JYLCDR2', 967, 1, 6, 6, 0),
('JYLJM1', 900, 2, 1, 2, 0),
('JYLLOB1', 1802, 3, 1, 1, 0),
('KAYYO1', 886, 1, 2, 3, 0),
('KCPDLE1', 1246, 1, 4, 4, 0),
('KDJAPO1', 782, 1, 5, 4, 0),
('KENDUL1', 866, 1, 1, 1, 0),
('KINDER1', 1325, 2, 1, 2, 0),
('KWANZA1', 426, 1, 4, 3, 0),
('KYEFE1', 1290, 2, 1, 2, 0),
('KYLJIR1', 1291, 2, 1, 3, 0),
('LAARAU1', 1545, 1, 6, 4, 0),
('LAARAU2', 1545, 1, 6, 4, 0),
('LAARDI1', 4, 2, 1, 2, 0),
('LAARDI2', 4, 2, 1, 2, 0),
('LAAUAV1', 1800, 2, 1, 1, 0),
('LABIBL1', 2031, 2, 1, 2, 0),
('LACTLD1', 1460, 1, 6, 4, 0),
('LACTLD2', 1460, 1, 6, 4, 0),
('LACTLU1', 371, 1, 5, 4, 0),
('LACTLU2', 371, 1, 5, 4, 0),
('LACULT1', 372, 1, 6, 3, 0),
('LADCR1', 1508, 2, 1, 2, 0),
('LADDP1', 1369, 2, 1, 3, 0),
('LADPA1', 154, 1, 3, 5, 0),
('LADPES1', 1789, 1, 3, 5, 0),
('LADPNI1', 1452, 1, 3, 5, 0),
('LADSAI1', 1826, 2, 3, 1, 0),
('LADTSA1', 179, 1, 4, 2, 0),
('LADTSA2', 179, 1, 4, 2, 0),
('LADTSA3', 179, 1, 4, 2, 0),
('LADTSA4', 179, 1, 4, 2, 0),
('LADTSA5', 179, 1, 4, 2, 0),
('LADULI1', 380, 1, 3, 2, 0),
('LADULI2', 380, 1, 3, 2, 0),
('LAEDOR1', 172, 2, 1, 1, 0),
('LAESEN1', 850, 1, 4, 3, 0),
('LAEUFI1', 2014, 1, 3, 4, 0),
('LAINRE1', 1801, 3, 1, 1, 0),
('LAJADO1', 777, 2, 2, 1, 0),
('LAJADO2', 777, 2, 2, 1, 0),
('LAMARC1', 1904, 1, 3, 5, 0),
('LAUDDC1', 1544, 2, 3, 1, 0),
('LAUNSD1', 422, 1, 6, 2, 0),
('LBCAUT1', 841, 2, 1, 2, 0),
('LBCAUT2', 841, 2, 1, 2, 0),
('LBDDNS1', 1248, 1, 5, 4, 0),
('LBDLLR1', 1858, 2, 2, 3, 0),
('LBDLN1', 915, 1, 4, 2, 0),
('LBDURM1', 1513, 3, 1, 1, 0),
('LBDURM2', 1513, 3, 1, 1, 0),
('LBILUS1', 2021, 1, 5, 2, 0),
('LBMON1', 192, 2, 1, 2, 0),
('LBNEBA1', 52, 2, 1, 1, 0),
('LBROJA1', 802, 1, 4, 2, 0),
('LBURBA1', 847, 1, 4, 1, 0),
('LBURBA2', 847, 1, 4, 1, 0),
('LBYLBE1', 1002, 2, 1, 2, 0),
('LCABEZ1', 548, 1, 5, 4, 0),
('LCACHO1', 1627, 1, 3, 5, 0),
('LCACHO2', 1627, 1, 3, 5, 0),
('LCACHO3', 1627, 1, 3, 5, 0),
('LCACHO4', 1627, 1, 3, 5, 0),
('LCACHO5', 1627, 1, 3, 5, 0),
('LCADOR1', 816, 1, 5, 2, 0),
('LCAMIG1', 994, 1, 6, 3, 0),
('LCBOBO1', 1391, 1, 2, 1, 0),
('LCCOME1', 612, 2, 1, 2, 0),
('LCDARR1', 1438, 2, 1, 1, 0),
('LCDBAL1', 1761, 1, 6, 4, 0),
('LCDBAL2', 1761, 1, 6, 4, 0),
('LCDBAL3', 1761, 1, 6, 4, 0),
('LCDBAL4', 1761, 1, 6, 4, 0),
('LCDCUY1', 1292, 1, 6, 2, 0),
('LCDDIA1', 170, 1, 4, 2, 0),
('LCDDIA2', 170, 1, 4, 2, 0),
('LCDDIB1', 1489, 1, 4, 3, 0),
('LCDDIB2', 1489, 1, 4, 3, 0),
('LCDERI1', 905, 1, 4, 3, 0),
('LCDEXI1', 1573, 2, 3, 1, 0),
('LCDLLI1', 1691, 2, 1, 2, 0),
('LCDLMO1', 1727, 1, 5, 3, 0),
('LCDLU1', 1459, 1, 3, 5, 0),
('LCDLU2', 1459, 1, 3, 5, 0),
('LCDLU3', 1459, 1, 3, 5, 0),
('LCDMTP1', 845, 1, 5, 2, 0),
('LCDMTP2', 845, 1, 5, 2, 0),
('LCDMYQ1', 1497, 1, 2, 3, 0),
('LCDNAR1', 1317, 2, 2, 3, 0),
('LCDNAR2', 1317, 2, 2, 3, 0),
('LCDNAR3', 1317, 2, 2, 3, 0),
('LCDNAR4', 1317, 2, 2, 3, 0),
('LCDPRE1', 1058, 1, 4, 3, 0),
('LCDPRE2', 1058, 1, 4, 3, 0),
('LCDPUE1', 934, 1, 6, 6, 0),
('LCDSOC1', 584, 2, 1, 2, 0),
('LCDTTO1', 1782, 2, 1, 2, 0),
('LCDTTO2', 1782, 2, 1, 2, 0),
('LCDTTO3', 1782, 2, 1, 2, 0),
('LCDTTO4', 1782, 2, 1, 2, 0),
('LCDTTO5', 1782, 2, 1, 2, 0),
('LCDVID1', 1537, 1, 2, 4, 0),
('LCDWIL1', 1514, 1, 2, 2, 0),
('LCEEAR1', 1036, 1, 6, 4, 0),
('LCEENC1', 986, 2, 1, 1, 0),
('LCELES1', 1764, 1, 4, 3, 0),
('LCELES2', 1764, 1, 4, 3, 0),
('LCELES3', 1764, 1, 4, 3, 0),
('LCELES4', 1764, 1, 4, 3, 0),
('LCEMST1', 1918, 2, 1, 2, 0),
('LCEMST2', 1918, 2, 1, 2, 0),
('LCFAUS1', 535, 2, 2, 1, 0),
('LCGCUE1', 481, 2, 1, 2, 0),
('LCGDLA1', 1066, 1, 5, 3, 0),
('LCGDLA2', 1066, 1, 5, 3, 0),
('LCGDLA3', 1066, 1, 5, 3, 0),
('LCGDLA4', 1066, 1, 5, 3, 0),
('LCGDLA5', 1066, 1, 5, 3, 0),
('LCGERU1', 482, 1, 4, 3, 0),
('LCHDIN1', 483, 2, 2, 2, 0),
('LCLCON1', 522, 1, 5, 2, 0),
('LCLDCO1', 425, 1, 3, 4, 0),
('LCLILI1', 520, 2, 1, 1, 0),
('LCMART1', 1031, 2, 3, 1, 0),
('LCMBON1', 1280, 1, 4, 1, 0),
('LCMBON2', 1280, 1, 4, 1, 0),
('LCNYCU1', 508, 1, 6, 3, 0),
('LCOESC1', 515, 1, 6, 3, 0),
('LCOFIL1', 415, 1, 6, 2, 0),
('LCOSQU1', 958, 1, 6, 5, 0),
('LCOSQU2', 958, 1, 6, 5, 0),
('LCPDCE1', 671, 2, 2, 1, 0),
('LCPLNI1', 663, 1, 5, 2, 0),
('LCPLNI2', 663, 1, 5, 2, 0),
('LCPLNI3', 663, 1, 5, 2, 0),
('LCQVEJ1', 957, 1, 3, 2, 0),
('LCROSE1', 1932, 1, 4, 4, 0),
('LCSORP1', 801, 1, 1, 1, 0),
('LCSORP10', 801, 1, 1, 1, 0),
('LCSORP11', 801, 1, 1, 1, 0),
('LCSORP2', 801, 1, 1, 1, 0),
('LCSORP3', 801, 1, 1, 1, 0),
('LCSORP4', 801, 1, 1, 1, 0),
('LCSORP5', 801, 1, 1, 1, 0),
('LCSORP6', 801, 1, 1, 1, 0),
('LCSORP7', 801, 1, 1, 1, 0),
('LCSORP8', 801, 1, 1, 1, 0),
('LCSORP9', 801, 1, 1, 1, 0),
('LCTMOR1', 423, 1, 4, 2, 0),
('LCTRAG1', 613, 1, 6, 1, 0),
('LCUEVA1', 283, 1, 6, 2, 0),
('LCUEVA2', 283, 1, 6, 2, 0),
('LCYLPE1', 1626, 1, 3, 2, 0),
('LCYLPE2', 1626, 1, 3, 2, 0),
('LDABAJ1', 1621, 1, 5, 2, 0),
('LDABAJ2', 1621, 1, 5, 2, 0),
('LDAMER1', 1658, 2, 2, 3, 0),
('LDCGLO1', 59, 2, 2, 1, 0),
('LDDLC1', 1680, 2, 1, 2, 0),
('LDDLC2', 1680, 2, 1, 2, 0),
('LDDLLU1', 952, 1, 4, 3, 0),
('LDDLLU2', 952, 1, 4, 3, 0),
('LDDLLU3', 952, 1, 4, 3, 0),
('LDECIS1', 1423, 1, 2, 1, 0),
('LDESQ1', 629, 1, 3, 4, 0),
('LDESS1', 630, 1, 5, 2, 0),
('LDESSC1', 660, 1, 5, 3, 0),
('LDLFCI1', 379, 1, 6, 3, 0),
('LDLFCI2', 379, 1, 6, 3, 0),
('LDLFCII1', 1490, 1, 6, 3, 0),
('LDLFPN1', 1519, 2, 1, 2, 0),
('LDMGD1', 1954, 1, 1, 1, 0),
('LDNANN1', 1752, 3, 1, 1, 0),
('LDNIÑO1', 1286, 1, 4, 4, 0),
('LDOCAS1', 1753, 3, 1, 1, 0),
('LDPDFR1', 1289, 2, 1, 2, 0),
('LDPLM1', 792, 1, 3, 4, 0),
('LDPLM2', 792, 1, 3, 4, 0),
('LDPSI1', 1734, 1, 1, 2, 0),
('LDRABI1', 1350, 2, 1, 1, 0),
('LDREIV1', 175, 1, 2, 2, 0),
('LDRPEM1', 368, 1, 3, 4, 0),
('LDTORM1', 1694, 1, 1, 2, 0),
('LDTORM2', 1694, 1, 1, 2, 0),
('LDTORM3', 1694, 1, 1, 2, 0),
('LDTORM4', 1694, 1, 1, 2, 0),
('LDTORM5', 1694, 1, 1, 2, 0),
('LDVYOC1', 1796, 1, 4, 3, 0),
('LEADV1', 22, 2, 3, 1, 0),
('LEAPAD1', 733, 1, 1, 2, 0),
('LEAPCE1', 1806, 1, 3, 5, 0),
('LECEJE1', 1679, 1, 1, 2, 0),
('LECTUR1', 1282, 1, 1, 2, 0),
('LECTUR2', 1282, 1, 1, 2, 0),
('LECTUR3', 1282, 1, 1, 2, 0),
('LECTUR4', 1282, 1, 1, 2, 0),
('LECTUR5', 1282, 1, 1, 2, 0),
('LECTUR6', 1282, 1, 1, 2, 0),
('LECUM1', 1605, 1, 6, 2, 0),
('LEDES1', 1558, 1, 6, 3, 0),
('LEDLOM1', 1807, 2, 2, 3, 0),
('LEDTIE1', 1808, 1, 6, 6, 0),
('LEHJXI1', 248, 1, 6, 4, 0),
('LEMAVII1', 250, 1, 6, 4, 0),
('LENEID1', 1931, 1, 5, 2, 0),
('LENEID2', 1931, 1, 5, 2, 0),
('LENEID3', 1931, 1, 5, 2, 0),
('LENI1', 1408, 1, 1, 2, 0),
('LENII1', 1409, 1, 1, 2, 0),
('LENIII1', 987, 1, 1, 2, 0),
('LENIIIC1', 1463, 1, 2, 2, 0),
('LENIIID1', 1114, 1, 6, 2, 0),
('LENSE1', 1268, 1, 2, 2, 0),
('LENSG1', 939, 1, 2, 2, 0),
('LENVI1', 1112, 1, 2, 2, 0),
('LEPOX1', 249, 1, 6, 4, 0),
('LESCOG1', 1620, 1, 2, 2, 0),
('LESCRIT1', 137, 1, 2, 1, 0),
('LETDB1', 1126, 2, 2, 1, 0),
('LETDB2', 1126, 2, 2, 1, 0),
('LETUB1', 1125, 1, 6, 2, 0),
('LEYEI1', 1776, 1, 6, 2, 0),
('LEYEII1', 1777, 1, 6, 2, 0),
('LEYLRO1', 1551, 1, 4, 3, 0),
('LFDABU1', 1525, 1, 3, 3, 0),
('LFDABU2', 1525, 1, 3, 3, 0),
('LFDATL1', 1386, 2, 1, 3, 0),
('LFDATL2', 1386, 2, 1, 3, 0),
('LFDATL3', 1386, 2, 1, 3, 0),
('LFDBIE1', 1641, 2, 1, 1, 0),
('LFDCDB1', 421, 2, 1, 3, 0),
('LFDCDB2', 421, 2, 1, 3, 0),
('LFDFIF1', 951, 3, 1, 1, 0),
('LFDLTO1', 1109, 2, 3, 1, 0),
('LFDNUB1', 1107, 2, 1, 2, 0),
('LFDPDU1', 1720, 1, 1, 1, 0),
('LFIGUR1', 1946, 1, 2, 2, 0),
('LFLORE1', 576, 1, 3, 2, 0),
('LFLORE2', 576, 1, 3, 2, 0),
('LFLORE3', 576, 1, 3, 2, 0),
('LFLORE4', 576, 1, 3, 2, 0),
('LFYSA1', 917, 1, 6, 4, 0),
('LGADAL1', 1663, 1, 6, 3, 0),
('LGADAL2', 1663, 1, 6, 3, 0),
('LGDLSS1', 1178, 3, 1, 1, 0),
('LGFBTE1', 489, 1, 1, 2, 0),
('LGFHUM1', 36, 2, 1, 2, 0),
('LGRING1', 1579, 3, 1, 1, 0),
('LGRING2', 1579, 3, 1, 1, 0),
('LGRING3', 1579, 3, 1, 1, 0),
('LHAMST1', 280, 3, 1, 1, 0),
('LHDADE1', 1604, 2, 1, 2, 0),
('LHDESP1', 1247, 1, 7, 2, 0),
('LHDHAD1', 754, 2, 1, 3, 0),
('LHDLM1', 716, 1, 6, 5, 0),
('LHDLR1', 1496, 2, 1, 3, 0),
('LHEZOO1', 1357, 1, 6, 5, 0),
('LHOJAR1', 1022, 2, 1, 2, 0),
('LHOJAS1', 345, 3, 1, 1, 0),
('LHPDPU1', 206, 2, 1, 2, 0),
('LHPDPU2', 206, 2, 1, 2, 0),
('LICEBE1', 284, 2, 1, 1, 0),
('LICREA1', 1793, 2, 1, 1, 0),
('LICREA2', 1793, 2, 1, 1, 0),
('LIDCOR1', 202, 1, 3, 3, 0),
('LIDLNL1', 382, 2, 2, 3, 0),
('LIDNIC1', 1441, 1, 3, 4, 0),
('LIDNIC2', 1441, 1, 3, 4, 0),
('LIDNIC3', 1441, 1, 3, 4, 0),
('LIDSOF1', 790, 2, 1, 3, 0),
('LIDSOF2', 790, 2, 1, 3, 0),
('LIDTI1', 1383, 1, 4, 3, 0),
('LIDTI2', 1383, 1, 4, 3, 0),
('LIDTII1', 1384, 1, 2, 3, 0),
('LIDTII2', 1384, 1, 2, 3, 0),
('LIDTLO1', 1498, 2, 1, 3, 0),
('LIHOI', 745, 2, 1, 1, 0),
('LILIAD1', 1785, 1, 6, 3, 0),
('LILIAD2', 1785, 1, 6, 3, 0),
('LILIAD3', 1785, 1, 6, 3, 0),
('LILIAD4', 1785, 1, 6, 3, 0),
('LILIAD5', 1785, 1, 6, 3, 0),
('LINFAN1', 1768, 1, 3, 5, 0),
('LINSE1', 1406, 1, 2, 2, 0),
('LINVAS1', 1688, 2, 1, 1, 0),
('LITANT1', 1212, 1, 4, 3, 0),
('LITSMA1', 734, 1, 3, 5, 0),
('LIVSVM1', 164, 2, 3, 1, 0),
('LJDCYG1', 818, 1, 6, 3, 0),
('LJDCYG2', 818, 1, 6, 3, 0),
('LJDCYG3', 818, 1, 6, 3, 0),
('LJDINF1', 873, 2, 1, 1, 0),
('LJELCO1', 1462, 1, 6, 6, 0),
('LJFURT1', 1613, 2, 1, 2, 0),
('LJLNLA1', 812, 1, 5, 4, 0),
('LLAGAR1', 3, 2, 3, 1, 0),
('LLANGO1', 575, 1, 6, 5, 0),
('LLANGO2', 575, 1, 6, 5, 0),
('LLCHRI1', 414, 2, 2, 3, 0),
('LLDHO1', 1618, 1, 4, 2, 0),
('LLECHE1', 899, 1, 3, 3, 0),
('LLIRIC1', 1742, 1, 1, 2, 0);
INSERT INTO `libroprestamo` (`idEjemplar`, `idLibro`, `idBiblioteca`, `idLibrera`, `idEstante`, `estado`) VALUES
('LLMAGA1', 1395, 1, 3, 5, 0),
('LLNUES1', 1096, 1, 1, 2, 0),
('LLOG1', 1233, 1, 1, 2, 0),
('LLSBI1', 1113, 1, 2, 2, 0),
('LLSBII1', 1264, 1, 1, 1, 0),
('LLSBII2', 1264, 1, 1, 1, 0),
('LLSBIII1', 1388, 1, 3, 4, 0),
('LLSBIII2', 1388, 1, 3, 4, 0),
('LLSCAB1', 931, 1, 1, 2, 0),
('LLUNA1', 1157, 1, 6, 4, 0),
('LLUNA2', 1157, 1, 6, 4, 0),
('LLUNA3', 1157, 1, 6, 4, 0),
('LLUNA4', 1157, 1, 6, 4, 0),
('LLUNA5', 1157, 1, 6, 4, 0),
('LLUNA6', 1157, 1, 6, 4, 0),
('LLVERD1', 1043, 1, 3, 2, 0),
('LLYESO1', 779, 1, 6, 3, 0),
('LLYESO2', 779, 1, 6, 3, 0),
('LLYLTO1', 901, 2, 2, 1, 0),
('LMADRE1', 1875, 3, 1, 1, 0),
('LMADRE2', 1875, 3, 1, 1, 0),
('LMARAV1', 1394, 1, 1, 2, 0),
('LMDDC1', 149, 1, 2, 2, 0),
('LMDIYB1', 384, 1, 2, 2, 0),
('LMDLIN1', 1057, 1, 5, 2, 0),
('LMDLRE1', 1312, 1, 6, 2, 0),
('LMDORO1', 776, 1, 2, 1, 0),
('LMDTI1', 1048, 1, 4, 3, 0),
('LMDTI2', 1048, 1, 4, 3, 0),
('LMDTII1', 1049, 1, 6, 2, 0),
('LMDTII2', 1049, 1, 6, 2, 0),
('LMDUVI1', 143, 1, 6, 2, 0),
('LMDUVI2', 143, 1, 6, 2, 0),
('LMDUVI3', 143, 1, 6, 2, 0),
('LMEPED1', 1046, 2, 2, 1, 0),
('LMETAM1', 1582, 1, 3, 2, 0),
('LMETAM2', 1582, 1, 3, 2, 0),
('LMETAM3', 1582, 1, 3, 2, 0),
('LMETAM4', 1582, 1, 3, 2, 0),
('LMMEES1', 635, 3, 1, 1, 0),
('LMSYOC1', 1181, 2, 3, 1, 0),
('LMUNDC1', 1401, 2, 2, 3, 0),
('LMYOC1', 171, 1, 2, 2, 0),
('LMYUN1', 1574, 1, 1, 1, 0),
('LMYUN2', 1574, 1, 1, 1, 0),
('LMYUN3', 1574, 1, 1, 1, 0),
('LNARAN1', 554, 1, 5, 3, 0),
('LNAUSE1', 1805, 1, 6, 2, 0),
('LNDES1', 212, 1, 1, 2, 0),
('LNDES2', 212, 1, 1, 2, 0),
('LNDJAG1', 191, 2, 1, 3, 0),
('LNDJAG2', 191, 2, 1, 3, 0),
('LNDJAG3', 191, 2, 1, 3, 0),
('LNDLCA1', 351, 2, 1, 1, 0),
('LNDLES1', 1732, 2, 1, 3, 0),
('LNDLIG1', 1751, 2, 3, 1, 0),
('LNDMHE1', 1033, 3, 1, 1, 0),
('LNEJOV1', 294, 2, 1, 1, 0),
('LNEJOV2', 294, 2, 1, 1, 0),
('LNLAVI1', 1699, 2, 1, 3, 0),
('LNQLGU1', 988, 3, 1, 1, 0),
('LNQOLL1', 1225, 1, 5, 3, 0),
('LOALIC1', 1746, 1, 6, 2, 0),
('LOCDSO1', 1038, 1, 6, 1, 0),
('LOCEAN1', 1202, 2, 2, 3, 0),
('LODISE1', 1786, 1, 6, 3, 0),
('LODISE2', 1786, 1, 6, 3, 0),
('LODLF1', 1153, 3, 1, 1, 0),
('LODNR1', 833, 1, 5, 2, 0),
('LOSABE1', 894, 1, 3, 5, 0),
('LOSABE2', 894, 1, 3, 5, 0),
('LOSAZT1', 1505, 1, 3, 5, 0),
('LOTES1', 1500, 2, 1, 1, 0),
('LPAALE1', 1296, 1, 1, 2, 0),
('LPAJAR1', 1098, 1, 3, 3, 0),
('LPAMIG1', 1338, 1, 3, 3, 0),
('LPANAD1', 237, 2, 3, 1, 0),
('LPANAD2', 237, 2, 3, 1, 0),
('LPAQUI1', 1160, 1, 3, 5, 0),
('LPBDSE1', 1710, 1, 2, 1, 0),
('LPBDSE2', 1710, 1, 2, 1, 0),
('LPDCRI1', 1656, 1, 3, 2, 0),
('LPDHO1', 1861, 2, 3, 1, 0),
('LPDLCR1', 759, 2, 1, 2, 0),
('LPDLG1', 1770, 1, 4, 3, 0),
('LPDLT1', 1891, 1, 1, 2, 0),
('LPDSA1', 889, 1, 5, 2, 0),
('LPDSJ1', 1129, 1, 5, 3, 0),
('LPDSJ2', 1129, 1, 5, 3, 0),
('LPDSJ3', 1129, 1, 5, 3, 0),
('LPDSJ4', 1129, 1, 5, 3, 0),
('LPDSJ5', 1129, 1, 5, 3, 0),
('LPDSJ6', 1129, 1, 5, 3, 0),
('LPDSJ7', 1129, 1, 5, 3, 0),
('LPDSJ8', 1129, 1, 5, 3, 0),
('LPDSJ9', 1129, 1, 5, 3, 0),
('LPDTO1', 1883, 2, 2, 3, 0),
('LPERUI1', 1318, 1, 3, 5, 0),
('LPESC1', 822, 1, 3, 1, 0),
('LPHABL1', 1240, 1, 1, 2, 0),
('LPHABL2', 1240, 1, 1, 2, 0),
('LPHABL3', 1240, 1, 1, 2, 0),
('LPILDO1', 124, 2, 1, 1, 0),
('LPINI1', 1071, 2, 1, 1, 0),
('LPMHER1', 1108, 2, 3, 1, 0),
('LPNCNU1', 1263, 1, 3, 3, 0),
('LPNSMO1', 817, 2, 3, 1, 0),
('LPOEI1', 1854, 1, 1, 1, 0),
('LPOEII1', 1855, 1, 4, 2, 0),
('LPOGLO1', 264, 2, 1, 2, 0),
('LPOSAD1', 534, 1, 1, 2, 0),
('LPOSAD2', 534, 1, 1, 2, 0),
('LPPCD1', 1336, 1, 1, 2, 0),
('LPRESC1', 1170, 1, 6, 3, 0),
('LPROME1', 813, 1, 6, 3, 0),
('LPSAMO1', 1842, 1, 4, 2, 0),
('LPSCC1', 929, 1, 1, 2, 0),
('LPSOLI1', 262, 2, 3, 1, 0),
('LPSOLI2', 262, 2, 3, 1, 0),
('LPYEGU1', 272, 1, 5, 3, 0),
('LQEVSL1', 1865, 1, 3, 5, 0),
('LQUETZ1', 834, 1, 5, 4, 0),
('LRAICE1', 346, 1, 6, 2, 0),
('LRAYUE1', 230, 1, 6, 3, 0),
('LRBLAS1', 311, 2, 2, 3, 0),
('LRCONT1', 1087, 1, 5, 4, 0),
('LRDEDA1', 328, 2, 2, 3, 0),
('LRDLCH1', 1533, 3, 1, 1, 0),
('LRDRAU1', 374, 1, 3, 4, 0),
('LRDRAU2', 374, 1, 3, 4, 0),
('LRDRAU3', 374, 1, 3, 4, 0),
('LREDAC1', 1000, 2, 1, 2, 0),
('LREPUB1', 1899, 1, 3, 4, 0),
('LREPUB2', 1899, 1, 3, 4, 0),
('LRQQSR1', 1520, 1, 6, 3, 0),
('LSCABR1', 377, 1, 3, 3, 0),
('LSCDLO1', 1925, 1, 6, 1, 0),
('LSDAYP1', 784, 1, 5, 3, 0),
('LSDAYP2', 784, 1, 5, 3, 0),
('LSDCON1', 38, 1, 4, 4, 0),
('LSDMUE1', 1557, 1, 4, 2, 0),
('LSEMIL1', 112, 1, 1, 1, 0),
('LSIENII1', 1431, 1, 3, 5, 0),
('LSIENT1', 330, 1, 3, 5, 0),
('LSMDM1', 1480, 1, 4, 2, 0),
('LSNAVE1', 955, 2, 1, 2, 0),
('LSOFIN1', 1647, 1, 5, 4, 0),
('LSOFIN2', 1647, 1, 5, 4, 0),
('LSPATR1', 160, 1, 6, 6, 0),
('LSPATR2', 160, 1, 6, 6, 0),
('LSTRAG1', 1920, 1, 1, 2, 0),
('LSTRAG2', 1920, 1, 1, 2, 0),
('LTAMAÑ1', 361, 1, 3, 2, 0),
('LTCORR1', 238, 1, 2, 2, 0),
('LTCORR2', 238, 1, 2, 2, 0),
('LTCOSM1', 991, 1, 2, 2, 0),
('LTCOSM2', 991, 1, 2, 2, 0),
('LTCPIÑ1', 826, 1, 6, 2, 0),
('LTDAPA1', 1034, 1, 5, 4, 0),
('LTDLCI1', 1922, 1, 6, 2, 0),
('LTDPAU1', 1524, 1, 6, 2, 0),
('LTDQIN1', 764, 1, 4, 3, 0),
('LTDZOE1', 1363, 1, 1, 1, 0),
('LTDZOE2', 1363, 1, 1, 1, 0),
('LTECHU1', 376, 2, 1, 1, 0),
('LTHORR1', 1469, 1, 1, 1, 0),
('LTMAGI1', 1227, 1, 4, 3, 0),
('LTMANZ1', 1492, 1, 6, 3, 0),
('LTMANZ2', 1492, 1, 6, 3, 0),
('LTMCAB1', 1344, 1, 1, 1, 0),
('LTMOSQ1', 767, 1, 6, 2, 0),
('LTMOSQ2', 767, 1, 6, 2, 0),
('LTORTI1', 1030, 1, 2, 2, 0),
('LTORTU1', 6, 1, 1, 1, 0),
('LTORTU2', 6, 1, 1, 1, 0),
('LTOSOS1', 807, 1, 6, 2, 0),
('LTPJAB1', 1471, 2, 1, 2, 0),
('LTQPIS1', 670, 1, 6, 2, 0),
('LTRI1', 1211, 1, 1, 1, 0),
('LTRI2', 1211, 1, 1, 1, 0),
('LTRII1', 1301, 1, 5, 1, 0),
('LTRIII1', 1127, 1, 6, 1, 0),
('LTRIIIC1', 1302, 1, 2, 4, 0),
('LTRIST1', 1442, 1, 3, 3, 0),
('LTRIST2', 1442, 1, 3, 3, 0),
('LTRIST3', 1442, 1, 3, 3, 0),
('LTSUPA1', 1827, 1, 2, 2, 0),
('LTTULA1', 1879, 1, 4, 2, 0),
('LTTULA2', 1879, 1, 4, 2, 0),
('LTTULA3', 1879, 1, 4, 2, 0),
('LTYSRE1', 662, 1, 2, 2, 0),
('LUEIBE1', 1684, 1, 3, 5, 0),
('LUGUIN1', 1824, 1, 2, 2, 0),
('LUNEGR1', 1546, 2, 1, 1, 0),
('LUNEGR2', 1546, 2, 1, 1, 0),
('LUYOS1', 1702, 1, 2, 2, 0),
('LVBAIL1', 1499, 1, 5, 3, 0),
('LVDGUL1', 1814, 1, 4, 3, 0),
('LVDGUL2', 1814, 1, 4, 3, 0),
('LVDLDT1', 169, 1, 5, 3, 0),
('LVDORO1', 1741, 1, 6, 1, 0),
('LVEERO1', 1650, 1, 5, 3, 0),
('LVESUE1', 1893, 3, 1, 1, 0),
('LVESUE2', 1893, 3, 1, 1, 0),
('LVESUE3', 1893, 3, 1, 1, 0),
('LVESUE4', 1893, 3, 1, 1, 0),
('LVEUCA1', 375, 1, 4, 4, 0),
('LVIVA1', 166, 3, 1, 1, 0),
('LVORAG1', 1567, 3, 1, 1, 0),
('LVORAG2', 1567, 3, 1, 1, 0),
('LVSDHH1', 1472, 1, 6, 4, 0),
('LVSOSP1', 1831, 1, 5, 3, 0),
('LVSOSP2', 1831, 1, 5, 3, 0),
('LXSOC1', 692, 2, 2, 3, 0),
('LYEGSN1', 1142, 1, 6, 6, 0),
('LYLBD1', 872, 1, 1, 3, 0),
('LYLITE1', 1223, 1, 1, 2, 0),
('LYLN1', 998, 1, 4, 1, 0),
('LYLNC1', 1014, 1, 1, 3, 0),
('LYLNC2', 1014, 1, 1, 3, 0),
('LYLND1', 1323, 2, 1, 2, 0),
('LYLNT1', 1413, 1, 1, 3, 0),
('LYLO1', 880, 1, 4, 2, 0),
('LYLOC1', 1013, 1, 5, 1, 0),
('LYLPDB1', 1387, 1, 2, 2, 0),
('LYLPDB2', 1387, 1, 2, 2, 0),
('LYLPDB3', 1387, 1, 2, 2, 0),
('LYLPDB4', 1387, 1, 2, 2, 0),
('LYLSEP1', 1012, 1, 3, 2, 0),
('LYLSEX1', 1145, 1, 4, 1, 0),
('LYLTCO1', 871, 1, 1, 4, 0),
('LYLUCA1', 1377, 2, 1, 2, 0),
('LYPII1', 980, 1, 6, 2, 0),
('LYPIII1', 981, 1, 6, 4, 0),
('LYPIV1', 270, 1, 5, 2, 0),
('LYPV1', 982, 1, 6, 2, 0),
('MACIN1', 1968, 1, 2, 4, 0),
('MACIN2', 1968, 1, 2, 4, 0),
('MACUA1', 1984, 1, 6, 3, 0),
('MACUGR1', 1947, 1, 2, 3, 0),
('MADAME1', 1444, 1, 5, 3, 0),
('MADBOV1', 1775, 2, 3, 1, 0),
('MADELI1', 1205, 2, 1, 1, 0),
('MAEALN1', 352, 1, 2, 5, 0),
('MAEALN2', 352, 1, 2, 5, 0),
('MAEUC1', 793, 1, 2, 5, 0),
('MAGBTE1', 491, 1, 4, 1, 0),
('MAGBTE2', 491, 1, 4, 1, 0),
('MAGIUN1', 2001, 1, 6, 5, 0),
('MAICC1', 1987, 1, 1, 4, 0),
('MAMASP1', 1971, 1, 6, 3, 0),
('MAMOCU1', 1964, 1, 2, 1, 0),
('MANOV1', 1951, 1, 4, 4, 0),
('MANOVC1', 2000, 1, 6, 2, 0),
('MAOCGR1', 1985, 1, 2, 2, 0),
('MAOCGR2', 1985, 1, 2, 2, 0),
('MAOCTT1', 1979, 1, 2, 1, 0),
('MAOGRA1', 1977, 1, 1, 4, 0),
('MAOGRA2', 1977, 1, 1, 4, 0),
('MAOGUC1', 1997, 1, 1, 4, 0),
('MARIA1', 1596, 1, 1, 4, 0),
('MARIA2', 1596, 1, 1, 4, 0),
('MARIPO1', 1173, 1, 1, 4, 0),
('MARIPO2', 1173, 1, 1, 4, 0),
('MARNLA1', 1709, 1, 1, 4, 0),
('MARNLA2', 1709, 1, 1, 4, 0),
('MARNLA3', 1709, 1, 1, 4, 0),
('MARNLA4', 1709, 1, 1, 4, 0),
('MARTAL1', 1495, 1, 1, 4, 0),
('MARTAL2', 1495, 1, 1, 4, 0),
('MASEGR1', 1993, 1, 1, 4, 0),
('MASEGR2', 1993, 1, 1, 4, 0),
('MASEI1', 1969, 1, 5, 4, 0),
('MASEIT1', 1980, 1, 1, 4, 0),
('MASIET1', 1978, 1, 5, 3, 0),
('MATDT1', 717, 2, 1, 1, 0),
('MATECU1', 1231, 2, 3, 1, 0),
('MATEGR1', 1949, 1, 2, 3, 0),
('MATEMA1', 1222, 2, 1, 2, 0),
('MATOCT1', 1950, 1, 6, 2, 0),
('MATOCT2', 1950, 1, 6, 2, 0),
('MATRE1', 1967, 1, 6, 2, 0),
('MATREC1', 1974, 1, 6, 3, 0),
('MATRET1', 1983, 1, 1, 4, 0),
('MATUNO1', 1952, 1, 2, 2, 0),
('MAVOL1', 1631, 1, 5, 4, 0),
('MBPRE1', 1996, 1, 1, 4, 0),
('MCDHVC1', 911, 3, 1, 1, 0),
('MCMMU1', 1281, 1, 3, 4, 0),
('MCMPAM1', 185, 1, 6, 3, 0),
('MCOME1', 1965, 2, 1, 2, 0),
('MCSENT1', 1237, 2, 1, 2, 0),
('MCSENT2', 1237, 2, 1, 2, 0),
('MCSENT3', 1237, 2, 1, 2, 0),
('MCYSHI1', 1711, 1, 6, 6, 0),
('MCYSHI2', 1711, 1, 6, 6, 0),
('MDCLEI1', 1864, 1, 6, 3, 0),
('MDCOND1', 23, 1, 1, 4, 0),
('MDCUSC1', 1629, 1, 6, 6, 0),
('MDHCA1', 683, 1, 1, 4, 0),
('MDHPCA1', 1017, 1, 1, 4, 0),
('MDHPCA2', 1017, 1, 1, 4, 0),
('MDIALE1', 25, 1, 4, 6, 0),
('MDJUEG1', 1887, 1, 1, 4, 0),
('MDLVID1', 1706, 1, 1, 5, 0),
('MDODLE1', 961, 1, 1, 4, 0),
('MDPDRA1', 82, 1, 6, 2, 0),
('MDPICA1', 1606, 2, 1, 1, 0),
('MDVISI1', 1041, 1, 6, 4, 0),
('MEACCI1', 1943, 1, 1, 4, 0),
('MECPVI1', 536, 1, 6, 4, 0),
('MEDLUZ1', 1908, 1, 6, 2, 0),
('MEFYQU1', 537, 1, 6, 4, 0),
('MEGALH1', 541, 1, 6, 4, 0),
('MEIDVD1', 539, 1, 6, 4, 0),
('MEIDVI1', 538, 2, 2, 3, 0),
('MELPLA1', 540, 1, 6, 4, 0),
('MEPJYC1', 333, 1, 1, 4, 0),
('MERTEC1', 44, 1, 1, 1, 0),
('MESCAL1', 1428, 1, 6, 4, 0),
('MESCAL2', 1428, 1, 6, 4, 0),
('MEXMIO1', 1491, 1, 5, 2, 0),
('MEXMIO2', 1491, 1, 5, 2, 0),
('MEXMIO3', 1491, 1, 5, 2, 0),
('MEZCLA1', 577, 1, 6, 4, 0),
('MFAMIL1', 1430, 1, 6, 4, 0),
('MFAMIL2', 1430, 1, 6, 4, 0),
('MFLASH1', 1744, 1, 6, 2, 0),
('MGLLDC1', 1188, 2, 1, 2, 0),
('MGLLDC10', 1188, 2, 1, 2, 0),
('MGLLDC11', 1188, 2, 1, 2, 0),
('MGLLDC12', 1188, 2, 1, 2, 0),
('MGLLDC13', 1188, 2, 1, 2, 0),
('MGLLDC14', 1188, 2, 1, 2, 0),
('MGLLDC15', 1188, 2, 1, 2, 0),
('MGLLDC16', 1188, 2, 1, 2, 0),
('MGLLDC17', 1188, 2, 1, 2, 0),
('MGLLDC18', 1188, 2, 1, 2, 0),
('MGLLDC19', 1188, 2, 1, 2, 0),
('MGLLDC2', 1188, 2, 1, 2, 0),
('MGLLDC20', 1188, 2, 1, 2, 0),
('MGLLDC21', 1188, 2, 1, 2, 0),
('MGLLDC22', 1188, 2, 1, 2, 0),
('MGLLDC23', 1188, 2, 1, 2, 0),
('MGLLDC24', 1188, 2, 1, 2, 0),
('MGLLDC25', 1188, 2, 1, 2, 0),
('MGLLDC26', 1188, 2, 1, 2, 0),
('MGLLDC3', 1188, 2, 1, 2, 0),
('MGLLDC4', 1188, 2, 1, 2, 0),
('MGLLDC5', 1188, 2, 1, 2, 0),
('MGLLDC6', 1188, 2, 1, 2, 0),
('MGLLDC7', 1188, 2, 1, 2, 0),
('MGLLDC8', 1188, 2, 1, 2, 0),
('MGLLDC9', 1188, 2, 1, 2, 0),
('MHDSHA1', 1743, 1, 1, 4, 0),
('MHDSHA2', 1743, 1, 1, 4, 0),
('MHEFGS1', 1986, 1, 6, 6, 0),
('MHYSIE1', 2024, 1, 1, 4, 0),
('MHYSOC1', 675, 1, 4, 6, 0),
('MICTA1', 1073, 1, 6, 3, 0),
('MIPAES1', 728, 2, 1, 2, 0),
('MIRIO1', 370, 1, 5, 3, 0),
('MITICO1', 227, 2, 1, 2, 0),
('MITICO2', 227, 2, 1, 2, 0),
('MITICO3', 227, 2, 1, 2, 0),
('MITICO4', 227, 2, 1, 2, 0),
('MITICO5', 227, 2, 1, 2, 0),
('MITICO6', 227, 2, 1, 2, 0),
('MLARQU1', 1218, 1, 4, 6, 0),
('MLARQU2', 1218, 1, 4, 6, 0),
('MLDLOF1', 315, 1, 6, 4, 0),
('MLLNN1', 325, 2, 1, 1, 0),
('MLLNN2', 325, 2, 1, 1, 0),
('MLPYOC1', 1131, 1, 1, 4, 0),
('MMADRI1', 147, 1, 5, 2, 0),
('MMASCO1', 388, 1, 6, 3, 0),
('MMCDMU1', 1851, 1, 2, 2, 0),
('MMDEMS1', 1009, 2, 2, 1, 0),
('MMTMG1', 396, 2, 1, 1, 0),
('MMUREG1', 2013, 1, 1, 3, 0),
('MMYCUL1', 676, 1, 4, 6, 0),
('MOELMA1', 1135, 2, 1, 2, 0),
('MOELMA2', 1135, 2, 1, 2, 0),
('MOELMA3', 1135, 2, 1, 2, 0),
('MOELMA4', 1135, 2, 1, 2, 0),
('MOELMA5', 1135, 2, 1, 2, 0),
('MOELMA6', 1135, 2, 1, 2, 0),
('MOELMA7', 1135, 2, 1, 2, 0),
('MOELMA8', 1135, 2, 1, 2, 0),
('MOGRAD1', 1991, 1, 1, 1, 0),
('MOISES1', 1060, 1, 5, 5, 0),
('MOMO1', 1877, 1, 4, 4, 0),
('MONSTR1', 1341, 2, 1, 2, 0),
('MOSQUI1', 309, 1, 1, 5, 0),
('MPADB1', 1982, 1, 1, 4, 0),
('MPALEG1', 1322, 1, 6, 3, 0),
('MPAMEI1', 1882, 2, 3, 1, 0),
('MPAMEI2', 1882, 2, 3, 1, 0),
('MPCDIG1', 401, 2, 1, 2, 0),
('MPCDIG2', 401, 2, 1, 2, 0),
('MPCONO1', 134, 3, 1, 1, 0),
('MPCUAD1', 1258, 1, 5, 2, 0),
('MPDDIN1', 725, 1, 6, 2, 0),
('MPDEPL1', 402, 2, 2, 1, 0),
('MPDIES1', 1963, 3, 1, 1, 0),
('MPDING1', 406, 3, 1, 1, 0),
('MPDPZU1', 403, 2, 1, 1, 0),
('MPEMAM1', 1612, 1, 5, 2, 0),
('MPEMAM2', 1612, 1, 5, 2, 0),
('MPEMAM3', 1612, 1, 5, 2, 0),
('MPEMAM4', 1612, 1, 5, 2, 0),
('MPEMAM5', 1612, 1, 5, 2, 0),
('MPEMAM6', 1612, 1, 5, 2, 0),
('MPFAS1', 1375, 2, 1, 1, 0),
('MPFAT1', 1374, 1, 2, 4, 0),
('MPFREY1', 1485, 1, 3, 3, 0),
('MPFREY2', 1485, 1, 3, 3, 0),
('MPHAWA1', 1137, 1, 4, 6, 0),
('MPHAWA2', 1137, 1, 4, 6, 0),
('MPMPAL1', 1342, 1, 1, 1, 0),
('MPMPAL2', 1342, 1, 1, 1, 0),
('MPSENT1', 1321, 2, 3, 1, 0),
('MPTODO1', 307, 1, 1, 4, 0),
('MQEEA1', 251, 1, 1, 3, 0),
('MRDDH1', 1771, 1, 3, 5, 0),
('MRELM1', 1803, 2, 2, 1, 0),
('MRHLMR1', 1860, 1, 6, 2, 0),
('MROME1', 167, 1, 4, 4, 0),
('MRVTP1', 1813, 1, 5, 2, 0),
('MSADB1', 1972, 1, 1, 4, 0),
('MSADBA1', 1973, 2, 1, 2, 0),
('MSADBC1', 1976, 1, 1, 4, 0),
('MSADBC2', 1976, 1, 1, 4, 0),
('MSADBT1', 1990, 1, 1, 4, 0),
('MSADBT2', 1990, 1, 1, 4, 0),
('MSADBT3', 1990, 1, 1, 4, 0),
('MSESTC1', 1970, 1, 5, 3, 0),
('MSTROG1', 1839, 1, 4, 1, 0),
('MTPMA1', 150, 1, 1, 4, 0),
('MTWWA1', 738, 1, 4, 6, 0),
('MUMACU1', 984, 1, 4, 5, 0),
('MUNA1', 823, 1, 2, 2, 0),
('MUOCTF1', 35, 1, 6, 2, 0),
('MVEEP1', 1415, 1, 1, 4, 0),
('MVPCAL1', 1331, 1, 5, 4, 0),
('MVPING1', 1961, 1, 6, 3, 0),
('MVSNV1', 1933, 1, 2, 5, 0),
('MVSTP1', 842, 1, 3, 4, 0),
('MYLDUC1', 1003, 1, 1, 4, 0),
('MYLMAR1', 1470, 1, 1, 4, 0),
('MYMOM', 744, 1, 1, 3, 0),
('MYNSAL1', 681, 2, 1, 1, 0),
('MYREC1', 1863, 1, 6, 5, 0),
('MYREC2', 1863, 1, 6, 5, 0),
('MYVERD1', 161, 1, 6, 2, 0),
('NAPTU1', 1635, 1, 5, 2, 0),
('NATACH1', 1208, 1, 6, 3, 0),
('NBONIT1', 785, 1, 4, 2, 0),
('NBPDM1', 1380, 2, 1, 2, 0),
('NDAUSE1', 232, 1, 3, 3, 0),
('NDAUSE2', 232, 1, 3, 3, 0),
('NDCIRC1', 343, 1, 5, 2, 0),
('NDDLPI1', 381, 1, 5, 4, 0),
('NDLCO1', 79, 1, 6, 4, 0),
('NDQLPC1', 329, 1, 6, 3, 0),
('NDULCE1', 1285, 2, 3, 1, 0),
('NDULCE2', 1285, 2, 3, 1, 0),
('NEMTRE1', 1955, 1, 4, 4, 0),
('NESCUE1', 876, 1, 1, 1, 0),
('NESPEC1', 555, 2, 2, 2, 0),
('NEUCEN1', 1601, 1, 3, 2, 0),
('NEXTRAO1', 1576, 1, 1, 1, 0),
('NFANTAS1', 1024, 1, 2, 1, 0),
('NFDAMB1', 32, 2, 1, 2, 0),
('NHELCU1', 1486, 1, 3, 4, 0),
('NHELCU2', 1486, 1, 3, 4, 0),
('NINTWO1', 740, 1, 6, 2, 0),
('NJTIII1', 447, 2, 3, 1, 0),
('NJTXX1', 446, 1, 2, 1, 0),
('NLENDO1', 1171, 1, 6, 2, 0),
('NMGEFU1', 786, 1, 4, 3, 0),
('NNFY1', 1082, 3, 1, 1, 0),
('NOD1', 1161, 2, 1, 1, 0),
('NOD2', 1161, 2, 1, 1, 0),
('NOESJU1', 830, 2, 1, 2, 0),
('NOSTRA1', 404, 1, 2, 1, 0),
('NOTEVE1', 1162, 1, 6, 3, 0),
('NOTEVE2', 1162, 1, 6, 3, 0),
('NOTEVE3', 1162, 1, 6, 3, 0),
('NPLANT1', 1139, 1, 1, 2, 0),
('NPNIÑO1', 1999, 2, 2, 1, 0),
('NPYCHE1', 1736, 1, 1, 1, 0),
('NPYCHE2', 1736, 1, 1, 1, 0),
('NPYCHE3', 1736, 1, 1, 1, 0),
('NPYCHI1', 1457, 1, 1, 3, 0),
('NPYCHI2', 1457, 1, 1, 3, 0),
('NPYCHI3', 1457, 1, 1, 3, 0),
('NPYCHI4', 1457, 1, 1, 3, 0),
('NQENEG1', 1566, 1, 5, 2, 0),
('NSFALG1', 1607, 1, 4, 2, 0),
('NTJI1', 434, 1, 4, 6, 0),
('NTJII1', 445, 2, 1, 2, 0),
('NTJIV1', 448, 2, 1, 1, 0),
('NTJIX1', 453, 2, 3, 1, 0),
('NTJV1', 449, 1, 6, 3, 0),
('NTJVI1', 450, 1, 1, 1, 0),
('NTJVII1', 451, 2, 2, 1, 0),
('NTJVIII1', 452, 1, 3, 4, 0),
('NTJX1', 435, 1, 4, 6, 0),
('NTJXI1', 436, 1, 4, 6, 0),
('NTJXII1', 437, 1, 4, 6, 0),
('NTJXIII1', 438, 1, 4, 6, 0),
('NTJXIV1', 439, 1, 4, 6, 0),
('NTJXIX1', 444, 1, 4, 6, 0),
('NTJXV1', 440, 1, 4, 6, 0),
('NTJXVI1', 441, 1, 4, 6, 0),
('NTJXVII1', 442, 1, 4, 6, 0),
('NTJXVIII1', 443, 1, 4, 6, 0),
('NTMASH1', 519, 1, 3, 2, 0),
('NUMERO1', 1004, 2, 1, 2, 0),
('NUTICU1', 686, 1, 3, 3, 0),
('NUTICU2', 686, 1, 3, 3, 0),
('NUTIDO1', 618, 2, 1, 1, 0),
('NUTISE1', 684, 1, 6, 5, 0),
('NWDSE1', 501, 1, 6, 3, 0),
('OBCOI1', 1649, 1, 5, 4, 0),
('OCOMPL1', 1778, 2, 1, 2, 0),
('OCTI1', 1666, 1, 3, 2, 0),
('OCTII1', 1667, 1, 3, 2, 0),
('ODECON1', 636, 1, 6, 5, 0),
('ODQUE1', 1592, 1, 4, 4, 0),
('OFDCER1', 1094, 2, 2, 3, 0),
('OFPPE1', 27, 2, 1, 2, 0),
('OFYRAP1', 261, 2, 1, 1, 0),
('OJOJI1', 1154, 2, 1, 1, 0),
('OJOJI2', 1154, 2, 1, 1, 0),
('OJOJI3', 1154, 2, 1, 1, 0),
('OLITWI1', 1730, 3, 1, 1, 0),
('OLITWI2', 1730, 3, 1, 1, 0),
('OLLANT1', 1550, 1, 2, 2, 0),
('OLMVIA1', 222, 1, 2, 2, 0),
('OPOETI1', 1818, 2, 1, 1, 0),
('OPVPAB1', 16, 1, 4, 4, 0),
('ORTOGR1', 1097, 1, 2, 1, 0),
('ORTOGR2', 1097, 1, 2, 1, 0),
('OSITO1', 935, 2, 1, 1, 0),
('OSITO10', 935, 2, 1, 1, 0),
('OSITO11', 935, 2, 1, 1, 0),
('OSITO12', 935, 2, 1, 1, 0),
('OSITO13', 935, 2, 1, 1, 0),
('OSITO14', 935, 2, 1, 1, 0),
('OSITO15', 935, 2, 1, 1, 0),
('OSITO16', 935, 2, 1, 1, 0),
('OSITO17', 935, 2, 1, 1, 0),
('OSITO18', 935, 2, 1, 1, 0),
('OSITO19', 935, 2, 1, 1, 0),
('OSITO2', 935, 2, 1, 1, 0),
('OSITO20', 935, 2, 1, 1, 0),
('OSITO3', 935, 2, 1, 1, 0),
('OSITO4', 935, 2, 1, 1, 0),
('OSITO5', 935, 2, 1, 1, 0),
('OSITO6', 935, 2, 1, 1, 0),
('OSITO7', 935, 2, 1, 1, 0),
('OSITO8', 935, 2, 1, 1, 0),
('OSITO9', 935, 2, 1, 1, 0),
('OTELO1', 1935, 2, 2, 2, 0),
('OTOÑO1', 578, 1, 5, 4, 0),
('OTRARI1', 1216, 1, 2, 5, 0),
('OUSEEE1', 1187, 2, 1, 2, 0),
('OVDTUE1', 1784, 2, 1, 3, 0),
('OYARKA1', 209, 1, 5, 2, 0),
('PAAPA1', 1448, 2, 3, 1, 0),
('PABILY1', 1433, 2, 2, 2, 0),
('PADGRA1', 1348, 1, 1, 5, 0),
('PADNAT1', 1209, 2, 3, 1, 0),
('PAEPA1', 292, 1, 5, 4, 0),
('PAESC1', 1675, 1, 2, 2, 0),
('PAESC2', 1675, 1, 2, 2, 0),
('PAESO1', 1555, 1, 4, 2, 0),
('PAJDIN1', 1334, 1, 1, 4, 0),
('PANCOR1', 1169, 2, 2, 2, 0),
('PAPAB1', 85, 1, 1, 5, 0),
('PAPGOR1', 1787, 1, 5, 3, 0),
('PAPGOR2', 1787, 1, 5, 3, 0),
('PAPGOR3', 1787, 1, 5, 3, 0),
('PAPGOR4', 1787, 1, 5, 3, 0),
('PAPTM1', 2026, 1, 6, 3, 0),
('PASAB1', 86, 1, 1, 5, 0),
('PASLAM1', 1527, 2, 2, 3, 0),
('PASLAM2', 1527, 2, 2, 3, 0),
('PATEXA1', 1634, 1, 6, 6, 0),
('PCCCRA1', 854, 1, 2, 2, 0),
('PCLPIC1', 797, 1, 2, 2, 0),
('PCSCL1', 304, 1, 4, 2, 0),
('PCTOTL1', 1529, 2, 1, 2, 0),
('PDADLI1', 1219, 1, 1, 5, 0),
('PDANUE1', 1277, 1, 4, 1, 0),
('PDANUE2', 1277, 1, 4, 1, 0),
('PDANUE3', 1277, 1, 4, 1, 0),
('PDANUE4', 1277, 1, 4, 1, 0),
('PDANUE5', 1277, 1, 4, 1, 0),
('PDAYUCD1', 1637, 1, 4, 3, 0),
('PDAYUCD2', 1637, 1, 4, 3, 0),
('PDCIEG1', 1869, 1, 6, 3, 0),
('PDCRIS1', 1149, 1, 5, 3, 0),
('PDCUER1', 1197, 2, 1, 2, 0),
('PDLADO1', 17, 1, 1, 5, 0),
('PDLADO2', 17, 1, 1, 5, 0),
('PDMCID1', 1693, 1, 5, 3, 0),
('PDMCID2', 1693, 1, 5, 3, 0),
('PDMCID3', 1693, 1, 5, 3, 0),
('PDMCID4', 1693, 1, 5, 3, 0),
('PDMCID5', 1693, 1, 5, 3, 0),
('PDMCID6', 1693, 1, 5, 3, 0),
('PDMCID7', 1693, 1, 5, 3, 0),
('PDMCID8', 1693, 1, 5, 3, 0),
('PDOTOÑ1', 1848, 3, 1, 1, 0),
('PDTIEM1', 1571, 2, 1, 2, 0),
('PECORR1', 1748, 3, 1, 1, 0),
('PECPRE1', 1461, 1, 6, 2, 0),
('PECSOL1', 923, 1, 1, 1, 0),
('PEDGEN1', 45, 2, 1, 2, 0),
('PELCAB1', 1174, 1, 2, 1, 0),
('PENSDI1', 26, 1, 4, 4, 0),
('PEPCU1', 1440, 1, 6, 3, 0),
('PEPCU2', 1440, 1, 6, 3, 0),
('PEPCU3', 1440, 1, 6, 3, 0),
('PEPJIM1', 1833, 1, 3, 3, 0),
('PEPJIM2', 1833, 1, 3, 3, 0),
('PEPJIM3', 1833, 1, 3, 3, 0),
('PEPPIR1', 954, 1, 1, 4, 0),
('PEQUEN1', 1692, 2, 2, 1, 0),
('PEQUEN2', 1692, 2, 2, 1, 0),
('PEREST1', 40, 1, 6, 3, 0),
('PERVIE1', 1926, 1, 4, 3, 0),
('PESHCG1', 499, 1, 4, 4, 0),
('PEUTFF1', 500, 1, 5, 2, 0),
('PFVGRA1', 1103, 2, 2, 3, 0),
('PGCILLA1', 1047, 2, 1, 2, 0),
('PGCILLA2', 1047, 2, 1, 2, 0),
('PIELDE1', 1309, 2, 2, 3, 0),
('PINSAL1', 187, 1, 4, 2, 0),
('PIPIGR1', 1168, 1, 4, 2, 0),
('PIPIGR2', 1168, 1, 4, 2, 0),
('PIRULE1', 862, 1, 4, 3, 0),
('PLAANI1', 1346, 1, 6, 2, 0),
('PLASS1', 494, 1, 2, 2, 0),
('PLAVEH1', 1345, 1, 1, 2, 0),
('PLAYYO1', 1830, 1, 5, 1, 0),
('PLAYYO2', 1830, 1, 5, 1, 0),
('PLAYYO3', 1830, 1, 5, 1, 0),
('PLCCT1', 492, 2, 2, 2, 0),
('PLCCV1', 493, 2, 3, 1, 0),
('PLCFS1', 495, 1, 2, 2, 0),
('PLCHCF1', 496, 3, 1, 1, 0),
('PLCSTC1', 1234, 2, 2, 2, 0),
('PLCVLC1', 1636, 1, 6, 3, 0),
('PLCVLC2', 1636, 1, 6, 3, 0),
('PLCVRB1', 1343, 2, 1, 2, 0),
('PLDAPC1', 1494, 2, 1, 2, 0),
('PLDTRA1', 1079, 1, 2, 2, 0),
('PLDXX1', 1561, 1, 1, 1, 0),
('PLNOCH1', 1521, 1, 2, 2, 0),
('PLPNM1', 498, 2, 3, 1, 0),
('PLPNV1', 497, 2, 3, 1, 0),
('PLQPAB1', 101, 1, 2, 1, 0),
('PMCCRN1', 1737, 1, 6, 6, 0),
('PMMPU1', 1945, 2, 2, 3, 0),
('PMSDA1', 73, 1, 1, 2, 0),
('PNPINA1', 928, 1, 2, 1, 0),
('POAPO1', 132, 1, 6, 4, 0),
('POAPO10', 132, 1, 6, 4, 0),
('POAPO11', 132, 1, 6, 4, 0),
('POAPO12', 132, 1, 6, 4, 0),
('POAPO13', 132, 1, 6, 4, 0),
('POAPO14', 132, 1, 6, 4, 0),
('POAPO15', 132, 1, 6, 4, 0),
('POAPO16', 132, 1, 6, 4, 0),
('POAPO17', 132, 1, 6, 4, 0),
('POAPO18', 132, 1, 6, 4, 0),
('POAPO19', 132, 1, 6, 4, 0),
('POAPO2', 132, 1, 6, 4, 0),
('POAPO20', 132, 1, 6, 4, 0),
('POAPO21', 132, 1, 6, 4, 0),
('POAPO22', 132, 1, 6, 4, 0),
('POAPO23', 132, 1, 6, 4, 0),
('POAPO24', 132, 1, 6, 4, 0),
('POAPO25', 132, 1, 6, 4, 0),
('POAPO26', 132, 1, 6, 4, 0),
('POAPO27', 132, 1, 6, 4, 0),
('POAPO3', 132, 1, 6, 4, 0),
('POAPO4', 132, 1, 6, 4, 0),
('POAPO5', 132, 1, 6, 4, 0),
('POAPO6', 132, 1, 6, 4, 0),
('POAPO7', 132, 1, 6, 4, 0),
('POAPO8', 132, 1, 6, 4, 0),
('POAPO9', 132, 1, 6, 4, 0),
('POC1', 1379, 2, 1, 1, 0),
('POESIA1', 1552, 1, 6, 3, 0),
('POPANI1', 363, 1, 4, 4, 0),
('POPOVU1', 181, 1, 3, 3, 0),
('POPOVU2', 181, 1, 3, 3, 0),
('POPOVU3', 181, 1, 3, 3, 0),
('POPOVU4', 181, 1, 3, 3, 0),
('POSTCA1', 739, 1, 2, 2, 0),
('POVRAR1', 1668, 1, 1, 1, 0),
('PPFLYE1', 1206, 2, 2, 1, 0),
('PPPNIÑ1', 1176, 1, 2, 2, 0),
('PPQEYO1', 1651, 1, 5, 1, 0),
('PPQEYO2', 1651, 1, 5, 1, 0),
('PPVPN1', 162, 2, 2, 3, 0),
('PQCTM1', 881, 1, 6, 4, 0),
('PQEERA1', 1923, 2, 1, 2, 0),
('PQLGES1', 1790, 1, 4, 3, 0),
('PQQLMU1', 303, 1, 5, 1, 0),
('PRAII1', 502, 2, 1, 3, 0),
('PRAIII1', 503, 1, 5, 2, 0),
('PRAVI1', 504, 1, 5, 4, 0),
('PRIMAV1', 581, 3, 1, 1, 0),
('PRIMDO1', 1078, 2, 1, 2, 0),
('PROESC1', 1630, 1, 6, 3, 0),
('PROESC2', 1630, 1, 6, 3, 0),
('PRPNIÑ1', 946, 1, 2, 1, 0),
('PRPYDE1', 549, 1, 1, 4, 0),
('PRPYDE2', 549, 1, 1, 4, 0),
('PRPYDE3', 549, 1, 1, 4, 0),
('PRPYDE4', 549, 1, 1, 4, 0),
('PRPYDE5', 549, 1, 1, 4, 0),
('PRPYDE6', 549, 1, 1, 4, 0),
('PSDMAS1', 1874, 1, 4, 2, 0),
('PSEPRI1', 1678, 1, 4, 3, 0),
('PTEROD1', 239, 1, 1, 5, 0),
('PTEROD2', 239, 1, 1, 5, 0),
('PTEROD3', 239, 1, 1, 5, 0),
('PTLD1', 1390, 2, 3, 1, 0),
('PTOGET1', 726, 1, 2, 2, 0),
('PUECER1', 1804, 2, 1, 2, 0),
('PUESUB1', 1464, 1, 1, 1, 0),
('PUKDMA1', 1948, 2, 1, 1, 0),
('PULGAR1', 1479, 1, 6, 2, 0),
('PUPURU1', 362, 1, 4, 6, 0),
('PURPUE1', 199, 1, 5, 1, 0),
('PUTCUE1', 1067, 1, 2, 1, 0),
('PVMUHB1', 1319, 1, 6, 5, 0),
('PVMUHB2', 1319, 1, 6, 5, 0),
('PYAULV1', 1011, 2, 1, 2, 0),
('PYCDLE1', 1018, 1, 5, 4, 0),
('PYEABU1', 1062, 1, 5, 3, 0),
('PYEABU2', 1062, 1, 5, 3, 0),
('PYJRAM1', 839, 1, 5, 1, 0),
('PYLEDC1', 1313, 2, 1, 2, 0),
('PYREIM1', 851, 1, 2, 2, 0),
('QBELMC1', 1172, 1, 1, 2, 0),
('QDMEMA1', 1988, 2, 1, 1, 0),
('QEC1', 1522, 2, 1, 1, 0),
('QEC2', 1522, 2, 1, 1, 0),
('QECC1', 1122, 2, 1, 3, 0),
('QEEC1', 559, 1, 6, 4, 0),
('QEIEMO1', 24, 1, 2, 2, 0),
('QELF1', 30, 1, 2, 1, 0),
('QEMODE1', 2009, 1, 4, 2, 0),
('QEUB1', 560, 1, 6, 5, 0),
('QEUR1', 561, 1, 6, 4, 0),
('QEUR2', 561, 1, 6, 4, 0),
('QHE1', 1093, 3, 1, 1, 0),
('QHEDES1', 1595, 2, 2, 3, 0),
('QHSAPI1', 1903, 2, 3, 1, 0),
('QHSUGR1', 1106, 2, 2, 3, 0),
('QMEAE1', 293, 1, 6, 2, 0),
('QNSVAIR1', 595, 1, 6, 5, 0),
('QNSVALI1', 383, 1, 6, 2, 0),
('QNSVHOG1', 129, 3, 1, 1, 0),
('QPA1', 356, 1, 6, 3, 0),
('QPPA1', 1166, 2, 1, 1, 0),
('QPPA2', 1166, 2, 1, 1, 0),
('QPPA3', 1166, 2, 1, 1, 0),
('QPPA4', 1166, 2, 1, 1, 0),
('QPPA5', 1166, 2, 1, 1, 0),
('QPPA6', 1166, 2, 1, 1, 0),
('QPS1', 892, 2, 1, 1, 0),
('QPS2', 892, 2, 1, 1, 0),
('QSFAMO1', 339, 2, 1, 2, 0),
('QSHENS1', 827, 1, 1, 1, 0),
('QSHENS2', 827, 1, 1, 1, 0),
('QSHENS3', 827, 1, 1, 1, 0),
('QSHENS4', 827, 1, 1, 1, 0),
('QUCNOS1', 1940, 1, 4, 1, 0),
('QUDECU1', 1254, 2, 1, 2, 0),
('QUDECU2', 1254, 2, 1, 2, 0),
('QUDECU3', 1254, 2, 1, 2, 0),
('QUEDIA1', 1419, 1, 6, 2, 0),
('QUEDIA2', 1419, 1, 6, 2, 0),
('QUEGAT1', 310, 1, 6, 3, 0),
('QUELLA1', 1468, 1, 4, 5, 0),
('QUELLA2', 1468, 1, 4, 5, 0),
('QUEMP1', 1156, 2, 1, 1, 0),
('QUEMP2', 1156, 2, 1, 1, 0),
('QUERUI1', 772, 2, 2, 3, 0),
('QUERYO1', 1029, 1, 6, 2, 0),
('QUESOY1', 1474, 2, 1, 1, 0),
('QUESOY2', 1474, 2, 1, 1, 0),
('QUGEC1', 2007, 1, 4, 2, 0),
('QUGEI1', 2003, 3, 1, 1, 0),
('QUGEII1', 2004, 1, 2, 2, 0),
('QUGEII2', 2004, 1, 2, 2, 0),
('QUGEO1', 2006, 1, 2, 2, 0),
('QUIDCT1', 2002, 2, 1, 2, 0),
('QUIMDI1', 2008, 1, 6, 2, 0),
('QUINOS1', 1624, 2, 2, 1, 0),
('QUPRCU1', 2005, 2, 1, 1, 0),
('QVFRI1', 1424, 2, 1, 1, 0),
('QVFRI2', 1424, 2, 1, 1, 0),
('QVFRI3', 1424, 2, 1, 1, 0),
('QVFRI4', 1424, 2, 1, 1, 0),
('RACCAR1', 849, 2, 1, 3, 0),
('RAICES1', 1682, 1, 3, 4, 0),
('RATAPL1', 875, 1, 3, 2, 0),
('RBACAS1', 1314, 2, 1, 1, 0),
('RBLCEI1', 1123, 1, 1, 1, 0),
('RBYDIC1', 867, 1, 2, 2, 0),
('RBYDIC2', 867, 1, 2, 2, 0),
('RCAYHER1', 933, 1, 2, 1, 0),
('RCESTR1', 18, 1, 3, 3, 0),
('RCYMAS1', 947, 2, 1, 3, 0),
('RCYMAS2', 947, 2, 1, 3, 0),
('RDADOL1', 614, 1, 6, 5, 0),
('RDLAGA1', 1829, 3, 1, 1, 0),
('RDLBIB1', 1349, 1, 5, 1, 0),
('RDOLTO1', 358, 1, 7, 2, 0),
('RDOLTO2', 358, 1, 7, 2, 0),
('RDORO1', 902, 2, 2, 1, 0),
('RDPRIM1', 1120, 2, 3, 1, 0),
('REBICI1', 883, 1, 1, 1, 0),
('REBICI2', 883, 1, 1, 1, 0),
('RELATO1', 173, 2, 2, 3, 0),
('RENINV1', 1326, 2, 1, 3, 0),
('RERROM1', 852, 1, 4, 3, 0),
('RERROM2', 852, 1, 4, 3, 0),
('RETAZO1', 148, 1, 5, 2, 0),
('RETAZO2', 148, 1, 5, 2, 0),
('RHDLGN1', 971, 2, 2, 1, 0),
('RHESUN1', 719, 2, 3, 1, 0),
('RIMAS1', 1779, 1, 2, 1, 0),
('RIMAS2', 1779, 1, 2, 1, 0),
('RITA1', 1385, 1, 6, 2, 0),
('RLCDC1', 1780, 2, 1, 3, 0),
('RLEGUB1', 216, 1, 6, 6, 0),
('RLGAMI1', 1272, 1, 3, 4, 0),
('RLROND1', 1124, 1, 6, 2, 0),
('RODAR1', 579, 1, 7, 1, 0),
('ROHOC1', 1788, 1, 6, 5, 0),
('ROHOD1', 965, 1, 6, 5, 0),
('ROHOO1', 924, 2, 3, 1, 0),
('ROHOT1', 966, 1, 6, 5, 0),
('ROSALA1', 778, 1, 1, 1, 0),
('ROYJU1', 1936, 1, 3, 1, 0),
('ROYJU2', 1936, 1, 3, 1, 0),
('ROYJU3', 1936, 1, 3, 1, 0),
('RPEPDR1', 1044, 1, 2, 2, 0),
('RRUREG1', 1411, 2, 1, 3, 0),
('RSCTMI1', 514, 2, 3, 1, 0),
('RUBDAR1', 1633, 1, 2, 1, 0),
('RYEJER1', 400, 2, 1, 2, 0),
('RYELSF1', 1427, 1, 6, 3, 0),
('RYERIO1', 1481, 2, 2, 3, 0),
('RYETES1', 974, 2, 1, 1, 0),
('SAGBIB1', 2019, 2, 2, 3, 0),
('SAGMIO1', 1654, 1, 6, 4, 0),
('SANDD1', 976, 2, 2, 1, 0),
('SANDD2', 976, 2, 2, 1, 0),
('SANDO1', 975, 1, 4, 4, 0),
('SANDO2', 975, 1, 4, 4, 0),
('SANSAB1', 1185, 1, 3, 4, 0),
('SANSAB2', 1185, 1, 3, 4, 0),
('SANSAB3', 1185, 1, 3, 4, 0),
('SANSAB4', 1185, 1, 3, 4, 0),
('SANSAB5', 1185, 1, 3, 4, 0),
('SAPSAP1', 332, 2, 2, 3, 0),
('SAPTOR1', 943, 1, 6, 2, 0),
('SARASA1', 357, 1, 6, 3, 0),
('SASEAL1', 1354, 1, 6, 2, 0),
('SBSLR1', 1382, 1, 4, 2, 0),
('SCMTDJ1', 258, 1, 1, 2, 0),
('SCPLCI1', 1266, 1, 4, 3, 0),
('SDCOSM1', 14, 1, 2, 1, 0),
('SDCUEN1', 1589, 2, 2, 2, 0),
('SDCUEN2', 1589, 2, 2, 2, 0),
('SDCUEN3', 1589, 2, 2, 2, 0),
('SDCUEN4', 1589, 2, 2, 2, 0),
('SDJURA1', 1900, 3, 1, 1, 0),
('SDLARQ1', 1115, 1, 2, 2, 0),
('SDLMDC1', 19, 1, 1, 1, 0),
('SDOGRO1', 1616, 1, 6, 3, 0),
('SDPAZ1', 1871, 1, 6, 2, 0),
('SDPIED1', 1232, 1, 2, 4, 0),
('SDPIED2', 1232, 1, 2, 4, 0),
('SECSAU1', 969, 1, 4, 4, 0),
('SEELEG1', 1703, 1, 2, 2, 0),
('SENTIM1', 1005, 1, 1, 1, 0),
('SEPIED1', 299, 2, 2, 3, 0),
('SERMAR1', 853, 2, 1, 3, 0),
('SERMAR2', 853, 2, 1, 3, 0),
('SFOAZU1', 1941, 1, 3, 3, 0),
('SFOAZU2', 1941, 1, 3, 3, 0),
('SGYOCU1', 1304, 1, 1, 2, 0),
('SHEHOL1', 814, 2, 1, 2, 0),
('SHEHOL2', 814, 2, 1, 2, 0),
('SHESBA1', 1704, 1, 5, 4, 0),
('SHYRPE1', 122, 1, 5, 2, 0),
('SIALVI1', 1642, 1, 4, 4, 0),
('SILABR1', 1080, 2, 3, 1, 0),
('SIMCOS1', 879, 1, 6, 3, 0),
('SIRGA1', 1396, 2, 2, 1, 0),
('SIRGA2', 1396, 2, 2, 1, 0),
('SLMGDP1', 968, 1, 3, 3, 0),
('SLMGDP2', 968, 1, 3, 3, 0),
('SMAEC1', 927, 1, 6, 3, 0),
('SMAECT1', 67, 1, 1, 1, 0),
('SMANEM1', 507, 1, 5, 3, 0),
('SMAPAD1', 2027, 1, 5, 3, 0),
('SMATEO1', 506, 1, 4, 2, 0),
('SMATLJ1', 505, 1, 2, 2, 0),
('SMATLJ2', 505, 1, 2, 2, 0),
('SMDALL1', 37, 2, 1, 1, 0),
('SMPOEM1', 1564, 1, 6, 5, 0),
('SMPOES1', 1610, 2, 1, 1, 0),
('SNCPAU1', 1360, 1, 6, 2, 0),
('SOALRO1', 1928, 2, 1, 2, 0),
('SOCGEN1', 48, 1, 2, 1, 0),
('SOLOMA1', 197, 1, 6, 1, 0),
('SONBEN1', 1655, 1, 2, 1, 0),
('SONSIM1', 930, 1, 1, 2, 0),
('SOYGEN1', 1437, 2, 2, 1, 0),
('SOYGEN2', 1437, 2, 2, 1, 0),
('SPANIS1', 724, 1, 4, 4, 0),
('SPDLYJ1', 340, 2, 2, 3, 0),
('SPEBDA1', 1856, 2, 1, 2, 0),
('SPEBDA2', 1856, 2, 1, 2, 0),
('SPEBDA3', 1856, 2, 1, 2, 0),
('SQSALT1', 1483, 2, 3, 1, 0),
('SSBCJO1', 874, 2, 1, 1, 0),
('STPNP1', 2032, 1, 1, 4, 0),
('SUEÑA1', 970, 2, 3, 1, 0),
('SUGCIE1', 821, 2, 1, 2, 0),
('SUOGYH1', 1095, 1, 4, 1, 0),
('SUOGYH2', 1095, 1, 4, 1, 0),
('SUPMOS1', 1475, 2, 1, 1, 0),
('SUPTYR1', 803, 1, 4, 1, 0),
('SYHORM1', 766, 1, 4, 4, 0),
('TALENA1', 1210, 1, 6, 3, 0),
('TARZAN1', 247, 1, 4, 4, 0),
('TARZAN2', 247, 1, 4, 4, 0),
('TCCJAK1', 1148, 2, 1, 2, 0),
('TCEDTC1', 336, 2, 3, 1, 0),
('TDCLCU1', 1050, 1, 4, 2, 0),
('TDDGLO1', 217, 2, 1, 1, 0),
('TDINSO1', 41, 2, 1, 1, 0),
('TDLEGE1', 687, 3, 1, 1, 0),
('TECUMS1', 882, 1, 5, 3, 0),
('TEDEST1', 15, 2, 2, 3, 0),
('TELBAN1', 1465, 1, 4, 1, 0),
('TEPLEU1', 1023, 1, 3, 2, 0),
('THALED1', 1476, 1, 5, 4, 0),
('THALED2', 1476, 1, 5, 4, 0),
('THDSCF1', 260, 2, 3, 1, 0),
('THONO1', 746, 1, 3, 1, 0),
('TIALAN1', 1275, 1, 6, 3, 0),
('TIDEIN1', 1565, 2, 1, 2, 0),
('TIDEIN2', 1565, 2, 1, 2, 0),
('TIELVU1', 186, 1, 6, 5, 0),
('TIOCAR1', 1488, 2, 1, 2, 0),
('TIRAR1', 580, 2, 2, 3, 0),
('TLAJUN1', 1724, 2, 2, 3, 0),
('TLHDLM1', 2020, 2, 1, 2, 0),
('TLPRES1', 857, 3, 1, 1, 0),
('TLSCTC1', 1953, 1, 4, 4, 0),
('TMYOR1', 1835, 2, 3, 1, 0),
('TOADO1', 895, 1, 6, 3, 0),
('TOCTOC1', 1484, 1, 6, 4, 0),
('TOCTOC2', 1484, 1, 6, 4, 0),
('TOCTOC3', 1484, 1, 6, 4, 0),
('TOCTOC4', 1484, 1, 6, 4, 0),
('TOCTOC5', 1484, 1, 6, 4, 0),
('TOCTOC6', 1484, 1, 6, 4, 0),
('TOCTOC7', 1484, 1, 6, 4, 0),
('TOCTOC8', 1484, 1, 6, 4, 0),
('TODECU1', 1083, 1, 3, 2, 0),
('TODESA1', 163, 1, 8, 3, 0),
('TOELCO1', 1608, 1, 4, 4, 0),
('TOMCAL1', 1091, 2, 1, 2, 0),
('TOMCAL2', 1091, 2, 1, 2, 0),
('TORMAR1', 245, 2, 2, 3, 0),
('TORMAR2', 245, 2, 2, 3, 0),
('TORMAR3', 245, 2, 2, 3, 0),
('TORMAR4', 245, 2, 2, 3, 0),
('TORMAR5', 245, 2, 2, 3, 0),
('TORMAR6', 245, 2, 2, 3, 0),
('TPOEGY1', 788, 1, 6, 4, 0),
('TRACOM1', 1755, 1, 2, 2, 0),
('TRAGRI1', 1756, 2, 1, 1, 0),
('TRAGRI2', 1756, 2, 1, 1, 0),
('TRAGRI3', 1756, 2, 1, 1, 0),
('TRAGRI4', 1756, 2, 1, 1, 0),
('TRAPER1', 1909, 2, 2, 3, 0),
('TRASMA1', 1915, 1, 6, 1, 0),
('TRDISP1', 1542, 1, 3, 3, 0),
('TRECPA1', 1593, 1, 4, 4, 0),
('TREDES1', 996, 2, 1, 2, 0),
('TRENES1', 550, 2, 1, 1, 0),
('TREVCA1', 1594, 1, 6, 3, 0),
('TSALVA1', 196, 2, 2, 3, 0),
('TSHUEV1', 242, 2, 1, 2, 0),
('TSLDIN1', 1294, 2, 3, 1, 0),
('TSMINT1', 1662, 2, 1, 1, 0),
('TSPSUN1', 1244, 1, 3, 2, 0),
('TTGUS1', 1467, 2, 1, 1, 0),
('TTGUS10', 1467, 2, 1, 1, 0),
('TTGUS11', 1467, 2, 1, 1, 0),
('TTGUS12', 1467, 2, 1, 1, 0),
('TTGUS13', 1467, 2, 1, 1, 0),
('TTGUS14', 1467, 2, 1, 1, 0),
('TTGUS15', 1467, 2, 1, 1, 0),
('TTGUS16', 1467, 2, 1, 1, 0),
('TTGUS17', 1467, 2, 1, 1, 0),
('TTGUS18', 1467, 2, 1, 1, 0),
('TTGUS19', 1467, 2, 1, 1, 0),
('TTGUS2', 1467, 2, 1, 1, 0),
('TTGUS20', 1467, 2, 1, 1, 0),
('TTGUS21', 1467, 2, 1, 1, 0),
('TTGUS22', 1467, 2, 1, 1, 0),
('TTGUS3', 1467, 2, 1, 1, 0),
('TTGUS4', 1467, 2, 1, 1, 0),
('TTGUS5', 1467, 2, 1, 1, 0),
('TTGUS6', 1467, 2, 1, 1, 0),
('TTGUS7', 1467, 2, 1, 1, 0),
('TTGUS8', 1467, 2, 1, 1, 0),
('TTGUS9', 1467, 2, 1, 1, 0),
('TTLESE1', 741, 2, 3, 1, 0),
('TTTDIM1', 290, 1, 1, 1, 0),
('TUNOEX1', 891, 2, 1, 1, 0),
('TVLGJC1', 1697, 2, 1, 2, 0),
('TVSMGJ1', 1245, 2, 2, 1, 0),
('TYESMA1', 804, 1, 5, 2, 0),
('TYLINU1', 1392, 1, 7, 2, 0),
('TYLINU2', 1392, 1, 7, 2, 0),
('TYTOÑA1', 1295, 2, 1, 1, 0),
('TYTOÑA2', 1295, 2, 1, 1, 0),
('TYVNGE1', 300, 1, 6, 2, 0),
('UADLME1', 1151, 1, 4, 4, 0),
('UADNAV1', 1053, 1, 2, 2, 0),
('UAEDUE1', 1256, 1, 2, 1, 0),
('UAPRAM1', 1404, 2, 1, 2, 0),
('UAPRAM2', 1404, 2, 1, 2, 0),
('UBCDCC1', 962, 2, 2, 1, 0),
('UBCDCC2', 962, 2, 2, 1, 0),
('UBCPER1', 1042, 1, 3, 3, 0),
('UBELOL1', 1203, 1, 4, 3, 0),
('UBPP1', 1026, 1, 3, 4, 0),
('UBPP2', 1026, 1, 3, 4, 0),
('UBPP3', 1026, 1, 3, 4, 0),
('UCDQA1', 1838, 1, 6, 2, 0),
('UCESP1', 1238, 1, 6, 3, 0),
('UCPMM1', 1487, 1, 6, 5, 0),
('UCPMM2', 1487, 1, 6, 5, 0),
('UDDCAM1', 1422, 1, 5, 2, 0),
('UDELVID1', 1617, 1, 4, 4, 0),
('UDVDBO1', 1190, 1, 6, 3, 0),
('UDVDBO2', 1190, 1, 6, 3, 0),
('UELSAR1', 825, 1, 6, 4, 0),
('UELSAR2', 825, 1, 6, 4, 0),
('UEPIDP1', 49, 1, 1, 1, 0),
('UEVISI1', 780, 1, 6, 2, 0),
('UEVISI2', 780, 1, 6, 2, 0),
('UFESPE1', 326, 2, 3, 1, 0),
('UGEARB1', 338, 2, 1, 2, 0),
('UGEEAG1', 1572, 1, 3, 2, 0),
('UGTLNM1', 1560, 1, 2, 2, 0),
('UHCDMU1', 668, 1, 6, 2, 0),
('UHDCER1', 1251, 2, 1, 1, 0),
('UHDCER2', 1251, 2, 1, 1, 0),
('UHURELC1', 385, 1, 6, 3, 0),
('UHURELC2', 385, 1, 6, 3, 0),
('UJPJUG1', 1086, 2, 3, 1, 0),
('ULLODI1', 1652, 1, 6, 4, 0),
('UMANUN1', 180, 3, 1, 1, 0),
('UMFELI1', 1677, 1, 6, 4, 0),
('UMFELI2', 1677, 1, 6, 4, 0),
('UMFELI3', 1677, 1, 6, 4, 0),
('UMFELI4', 1677, 1, 6, 4, 0),
('UNACAT1', 348, 1, 6, 2, 0),
('UNINEQ1', 1065, 1, 6, 3, 0),
('UNINOL1', 1405, 2, 3, 1, 0),
('UNINOL2', 1405, 2, 3, 1, 0),
('UNSOR1', 1051, 2, 1, 1, 0),
('UOELBA1', 795, 2, 2, 3, 0),
('UOELBA2', 795, 2, 2, 3, 0),
('UPDDIF1', 1224, 1, 6, 1, 0),
('UPEECA1', 1372, 2, 1, 1, 0),
('UPEPI1', 1010, 2, 2, 1, 0),
('UPEPI2', 1010, 2, 2, 1, 0),
('UPREX1', 1278, 2, 1, 1, 0),
('UPREX2', 1278, 2, 1, 1, 0),
('USDCDE1', 1180, 1, 6, 4, 0),
('USEEAT1', 1288, 2, 3, 1, 0),
('USEEAT2', 1288, 2, 3, 1, 0),
('USEEAT3', 1288, 2, 3, 1, 0),
('USEEAT4', 1288, 2, 3, 1, 0),
('USEEAT5', 1288, 2, 3, 1, 0),
('USEEAT6', 1288, 2, 3, 1, 0),
('USELUG1', 267, 1, 6, 5, 0),
('USHREA1', 992, 1, 6, 2, 0),
('USHREA2', 992, 1, 6, 2, 0),
('USPESO1', 856, 1, 1, 3, 0),
('USPESO2', 856, 1, 1, 3, 0),
('USSJAG1', 944, 1, 1, 1, 0),
('USSJAG2', 944, 1, 1, 1, 0),
('USSJAG3', 944, 1, 1, 1, 0),
('USSRUE1', 320, 2, 1, 3, 0),
('UTDSEO1', 1273, 2, 1, 2, 0),
('UTDSEO2', 1273, 2, 1, 2, 0),
('UTDWTP1', 1538, 2, 1, 3, 0),
('UVEELZ1', 1250, 1, 6, 4, 0),
('UVQYCO1', 925, 2, 1, 1, 0),
('UZVAQU1', 1241, 1, 6, 2, 0),
('UZVAQU2', 1241, 1, 6, 2, 0),
('VABAI1', 1032, 2, 1, 2, 0),
('VACDLT1', 1836, 2, 2, 1, 0),
('VACDLT2', 1836, 2, 2, 1, 0),
('VACDLT3', 1836, 2, 2, 1, 0),
('VACDVD1', 1698, 2, 2, 3, 0),
('VAJOVE1', 263, 1, 3, 2, 0),
('VALBIB1', 323, 1, 0, 0, 0),
('VAMEOC1', 221, 1, 4, 2, 0),
('VAMEOC2', 221, 1, 4, 2, 0),
('VAMER1', 753, 2, 1, 1, 0),
('VAMER2', 753, 2, 1, 1, 0),
('VAPDUV1', 1276, 1, 6, 2, 0),
('VAREST1', 324, 1, 0, 0, 0),
('VAUREC1', 322, 1, 0, 0, 0),
('VDAYER1', 1645, 1, 4, 2, 0),
('VDBUSC1', 1767, 2, 1, 1, 0),
('VDDA1', 1061, 1, 7, 3, 0),
('VDJSTP1', 1432, 1, 6, 5, 0),
('VDLETE1', 1598, 1, 0, 0, 0),
('VERANO1', 582, 1, 2, 2, 0),
('VEUGE1', 1052, 1, 0, 0, 0),
('VEUTFL1', 1911, 3, 1, 1, 0),
('VFLECT1', 366, 2, 2, 1, 0),
('VFLECT2', 366, 2, 2, 1, 0),
('VICTOR1', 1365, 1, 1, 5, 0),
('VIEJEC1', 859, 1, 0, 0, 0),
('VIIDH1', 1257, 2, 2, 1, 0),
('VINUDE1', 1493, 1, 0, 0, 0),
('VIPOAM1', 634, 2, 1, 1, 0),
('VMLVSD1', 1141, 2, 1, 1, 0),
('VMLVSD2', 1141, 2, 1, 1, 0),
('VMLVSO1', 1140, 1, 6, 2, 0),
('VMLVSO2', 1140, 1, 6, 2, 0),
('VMYCTC1', 626, 2, 1, 1, 0),
('VOLNOC1', 360, 1, 0, 0, 0),
('VOLNOC2', 360, 1, 0, 0, 0),
('VPEMUN1', 720, 3, 1, 1, 0),
('VPLNOC1', 1361, 1, 0, 0, 0),
('VQVCNA1', 1167, 1, 5, 4, 0),
('VQVCNA2', 1167, 1, 5, 4, 0),
('VSCDPM1', 1894, 1, 6, 5, 0),
('VSENCI1', 1603, 3, 1, 1, 0),
('VSEPTD1', 288, 1, 0, 0, 0),
('VVISAB1', 858, 1, 0, 0, 0),
('VVISAB2', 858, 1, 0, 0, 0),
('VVLPEN1', 1643, 1, 0, 0, 0),
('VYNVDE1', 418, 1, 0, 0, 0),
('VYNVDE2', 418, 1, 0, 0, 0),
('VYNVDE3', 418, 1, 0, 0, 0),
('VYNVDE4', 418, 1, 0, 0, 0),
('VYNVDE5', 418, 1, 0, 0, 0),
('VYNVDE6', 418, 1, 0, 0, 0),
('WERTHE1', 1810, 1, 0, 0, 0),
('WWTSA1', 291, 1, 0, 0, 0),
('XAYXI1', 1152, 1, 0, 0, 0),
('XAYXI2', 1152, 1, 0, 0, 0),
('XAYXI3', 1152, 1, 0, 0, 0),
('XXVARG1', 1916, 1, 0, 0, 0),
('YCLDLA1', 999, 1, 0, 0, 0),
('YCVCNI1', 2034, 1, 0, 0, 0),
('YERMA1', 1762, 1, 0, 0, 0),
('YERMA2', 1762, 1, 0, 0, 0),
('YERMA3', 1762, 1, 0, 0, 0),
('YHLAFA1', 877, 1, 0, 0, 0),
('YNTM1', 1310, 2, 2, 1, 0),
('YQDS1', 211, 1, 4, 2, 0),
('YSEDUR1', 1214, 1, 0, 0, 0),
('YSEDUR2', 1214, 1, 0, 0, 0),
('YSPNSTO1', 950, 3, 1, 1, 0),
('YSTQUE1', 1056, 1, 0, 0, 0),
('YTPUE1', 1144, 1, 0, 0, 0),
('YTPUE10', 1144, 1, 0, 0, 0),
('YTPUE2', 1144, 1, 0, 0, 0),
('YTPUE3', 1144, 1, 0, 0, 0),
('YTPUE4', 1144, 1, 0, 0, 0),
('YTPUE5', 1144, 1, 0, 0, 0),
('YTPUE6', 1144, 1, 0, 0, 0),
('YTPUE7', 1144, 1, 0, 0, 0),
('YTPUE8', 1144, 1, 0, 0, 0),
('YTPUE9', 1144, 1, 0, 0, 0),
('YYMHCL1', 938, 1, 0, 0, 0),
('ZALGUM1', 1215, 1, 0, 0, 0),
('ZOINSP1', 743, 1, 0, 0, 0),
('ZOOGEN1', 70, 1, 0, 0, 0),
('ZUYCE1', 1315, 1, 0, 0, 0),
('ZUYCE2', 1315, 1, 0, 0, 0),
('ZVSIGC1', 133, 1, 0, 0, 0);

-- --------------------------------------------------------

--
-- Estructura de tabla para la tabla `ninio`
--

CREATE TABLE `ninio` (
  `idPersona` int(11) NOT NULL,
  `responsable` varchar(50) NOT NULL
) ENGINE=InnoDB DEFAULT CHARSET=latin1;

-- --------------------------------------------------------

--
-- Estructura de tabla para la tabla `oficina`
--

CREATE TABLE `oficina` (
  `idOficina` int(11) NOT NULL,
  `nombreOficina` varchar(30) NOT NULL,
  `idPersona` int(11) NOT NULL
) ENGINE=InnoDB DEFAULT CHARSET=latin1;

-- --------------------------------------------------------

--
-- Estructura de tabla para la tabla `persona`
--

CREATE TABLE `persona` (
  `idPersona` int(11) NOT NULL,
  `nombre` varchar(75) NOT NULL,
  `fechaNacimiento` date NOT NULL,
  `direccion` varchar(100) NOT NULL,
  `telefono` varchar(10) NOT NULL
) ENGINE=InnoDB DEFAULT CHARSET=latin1;

-- --------------------------------------------------------

--
-- Estructura de tabla para la tabla `prestamo`
--

CREATE TABLE `prestamo` (
  `idPrestamo` int(11) NOT NULL,
  `idPersona` int(11) NOT NULL,
  `fechaPrestamo` date NOT NULL,
  `fechaDevolucion` date NOT NULL,
  `estado` tinyint(1) NOT NULL
) ENGINE=InnoDB DEFAULT CHARSET=latin1;

-- --------------------------------------------------------

--
-- Estructura de tabla para la tabla `rolusuario`
--

CREATE TABLE `rolusuario` (
  `idRolUsuario` int(11) NOT NULL,
  `nombreRol` varchar(20) NOT NULL
) ENGINE=InnoDB DEFAULT CHARSET=latin1;

-- --------------------------------------------------------

--
-- Estructura de tabla para la tabla `usuario`
--

CREATE TABLE `usuario` (
  `idUsuario` int(11) NOT NULL,
  `idPersona` int(11) NOT NULL,
  `idRolUsuario` int(11) NOT NULL,
  `nombreUsuario` varchar(20) NOT NULL,
  `contrasenia` varchar(20) NOT NULL
) ENGINE=InnoDB DEFAULT CHARSET=latin1;

--
-- Índices para tablas volcadas
--

--
-- Indices de la tabla `autor`
--
ALTER TABLE `autor`
  ADD PRIMARY KEY (`idAutor`);

--
-- Indices de la tabla `biblioteca`
--
ALTER TABLE `biblioteca`
  ADD PRIMARY KEY (`idBiblioteca`);

--
-- Indices de la tabla `categoria`
--
ALTER TABLE `categoria`
  ADD PRIMARY KEY (`idCategoria`);

--
-- Indices de la tabla `detalleautorlibro`
--
ALTER TABLE `detalleautorlibro`
  ADD KEY `fk1_detallelibro` (`idlibro`),
  ADD KEY `fk2_detalleautor` (`idautor`);

--
-- Indices de la tabla `detalleprestamo`
--
ALTER TABLE `detalleprestamo`
  ADD PRIMARY KEY (`idDetallePrestamo`),
  ADD KEY `fk1_detalleprestamo` (`idPrestamo`),
  ADD KEY `fk2_detalleprestamoejemplar` (`idEjemplar`);

--
-- Indices de la tabla `empleado`
--
ALTER TABLE `empleado`
  ADD KEY `fk1_empleadopersona` (`idPersona`);

--
-- Indices de la tabla `estante`
--
ALTER TABLE `estante`
  ADD PRIMARY KEY (`idEstante`);

--
-- Indices de la tabla `librera`
--
ALTER TABLE `librera`
  ADD PRIMARY KEY (`idLibrera`);

--
-- Indices de la tabla `libro`
--
ALTER TABLE `libro`
  ADD PRIMARY KEY (`idLibro`),
  ADD KEY `fk1_librocategoria` (`idCategoria`);

--
-- Indices de la tabla `librooficina`
--
ALTER TABLE `librooficina`
  ADD KEY `fk1_librooficinalibro` (`idLibro`),
  ADD KEY `fk2_librooficinaoficina` (`idOficina`);

--
-- Indices de la tabla `libroprestamo`
--
ALTER TABLE `libroprestamo`
  ADD PRIMARY KEY (`idEjemplar`),
  ADD KEY `fk1_libroprestamolibro` (`idLibro`),
  ADD KEY `fk2_libroprestamobiblioteca` (`idBiblioteca`),
  ADD KEY `fk3_libroprestamolibrera` (`idLibrera`),
  ADD KEY `fk4_libroprestamoestante` (`idEstante`);

--
-- Indices de la tabla `ninio`
--
ALTER TABLE `ninio`
  ADD KEY `fk1_niniopersona` (`idPersona`);

--
-- Indices de la tabla `oficina`
--
ALTER TABLE `oficina`
  ADD PRIMARY KEY (`idOficina`),
  ADD KEY `idEmpleado` (`idPersona`),
  ADD KEY `idEmpleado_2` (`idPersona`);

--
-- Indices de la tabla `persona`
--
ALTER TABLE `persona`
  ADD PRIMARY KEY (`idPersona`);

--
-- Indices de la tabla `prestamo`
--
ALTER TABLE `prestamo`
  ADD PRIMARY KEY (`idPrestamo`),
  ADD KEY `fk1_detallepersona` (`idPersona`);

--
-- Indices de la tabla `rolusuario`
--
ALTER TABLE `rolusuario`
  ADD PRIMARY KEY (`idRolUsuario`);

--
-- Indices de la tabla `usuario`
--
ALTER TABLE `usuario`
  ADD PRIMARY KEY (`idUsuario`),
  ADD KEY `fk1_usuarioidrolusuario` (`idRolUsuario`),
  ADD KEY `fk2_usuariopersona` (`idPersona`);

--
-- AUTO_INCREMENT de las tablas volcadas
--

--
-- AUTO_INCREMENT de la tabla `autor`
--
ALTER TABLE `autor`
  MODIFY `idAutor` int(11) NOT NULL AUTO_INCREMENT, AUTO_INCREMENT=1201;
--
-- AUTO_INCREMENT de la tabla `biblioteca`
--
ALTER TABLE `biblioteca`
  MODIFY `idBiblioteca` int(11) NOT NULL AUTO_INCREMENT, AUTO_INCREMENT=4;
--
-- AUTO_INCREMENT de la tabla `categoria`
--
ALTER TABLE `categoria`
  MODIFY `idCategoria` int(11) NOT NULL AUTO_INCREMENT, AUTO_INCREMENT=22;
--
-- AUTO_INCREMENT de la tabla `detalleprestamo`
--
ALTER TABLE `detalleprestamo`
  MODIFY `idDetallePrestamo` int(11) NOT NULL AUTO_INCREMENT;
--
-- AUTO_INCREMENT de la tabla `estante`
--
ALTER TABLE `estante`
  MODIFY `idEstante` int(11) NOT NULL AUTO_INCREMENT, AUTO_INCREMENT=6;
--
-- AUTO_INCREMENT de la tabla `librera`
--
ALTER TABLE `librera`
  MODIFY `idLibrera` int(11) NOT NULL AUTO_INCREMENT, AUTO_INCREMENT=10;
--
-- AUTO_INCREMENT de la tabla `libro`
--
ALTER TABLE `libro`
  MODIFY `idLibro` int(11) NOT NULL AUTO_INCREMENT, AUTO_INCREMENT=2035;
--
-- AUTO_INCREMENT de la tabla `oficina`
--
ALTER TABLE `oficina`
  MODIFY `idOficina` int(11) NOT NULL AUTO_INCREMENT;
--
-- AUTO_INCREMENT de la tabla `persona`
--
ALTER TABLE `persona`
  MODIFY `idPersona` int(11) NOT NULL AUTO_INCREMENT;
--
-- AUTO_INCREMENT de la tabla `prestamo`
--
ALTER TABLE `prestamo`
  MODIFY `idPrestamo` int(11) NOT NULL AUTO_INCREMENT;
--
-- AUTO_INCREMENT de la tabla `rolusuario`
--
ALTER TABLE `rolusuario`
  MODIFY `idRolUsuario` int(11) NOT NULL AUTO_INCREMENT;
--
-- AUTO_INCREMENT de la tabla `usuario`
--
ALTER TABLE `usuario`
  MODIFY `idUsuario` int(11) NOT NULL AUTO_INCREMENT;
/*!40101 SET CHARACTER_SET_CLIENT=@OLD_CHARACTER_SET_CLIENT */;
/*!40101 SET CHARACTER_SET_RESULTS=@OLD_CHARACTER_SET_RESULTS */;
/*!40101 SET COLLATION_CONNECTION=@OLD_COLLATION_CONNECTION */;
